credit,sex,education,marital_status,age,bill_sep05,bill_aug05,bill_jul05,bill_jun05,bill_may05,bill_apr05,paid_sep05,paid_aug05,paid_jul05,paid_jun05,paid_may05,paid_apr05,default
30000,female,undergraduate,single,23,20059,21061,22092,23104,23420,24045,1641,1672,1684,1000,1000,1000,1
190000,female,gradaute,single,26,174519,179122,182680,154753,90540,92248,9000,8382,10221,10000,3000,10490,1
230000,female,gradaute,single,33,4213,1922,5346,6971,10707,15392,0,5500,4000,11000,5000,5000,1
110000,male,diploma,married,38,14084,11129,9316,7681,8897,11729,2500,2500,1000,1500,3000,500,0
440000,male,gradaute,single,29,26430,23509,278956,274859,99618,103884,1249,279048,10758,5000,5080,2515,0
500000,male,gradaute,single,30,24349,9543,53947,84388,26154,175790,9605,54218,84839,26283,175857,4914,0
200000,female,gradaute,married,40,0,114558,1898,849,-171,14686,114558,3796,849,0,14857,0,0
60000,male,undergraduate,single,41,14895,6750,5784,5246,3760,11411,6750,5784,5246,3760,11411,7435,0
100000,female,gradaute,single,36,0,780,0,0,0,0,780,0,0,7600,0,0,0
60000,male,undergraduate,single,25,61514,61748,58583,28301,29301,14400,1800,0,600,1000,300,28154,0
60000,female,diploma,married,46,58584,59250,52413,44436,28098,26749,2700,2219,1727,1120,1500,1100,0
350000,female,gradaute,single,32,0,0,0,0,0,0,0,0,0,0,0,0,1
300000,female,diploma,other,53,0,0,0,0,0,0,0,0,0,0,0,0,0
170000,male,gradaute,married,36,82898,80400,29253,29196,22400,3605,10000,1400,2500,0,3605,0,0
500000,female,gradaute,married,44,706,1108,380,-270,2305,2733,1242,380,22,2575,3009,6026,0
50000,male,undergraduate,single,28,49417,48104,49348,28433,53718,27084,1966,2210,1946,983,1950,946,0
80000,female,diploma,single,55,76414,78009,78616,49662,48867,48278,3100,2420,2000,1656,1693,1767,0
30000,male,undergraduate,single,34,19785,24633,23961,23289,22779,51224,5500,0,0,0,3400,512,0
130000,male,undergraduate,single,30,95799,97858,100534,105347,103550,109733,4500,5200,8000,0,8100,0,0
110000,male,undergraduate,single,47,72897,72755,71698,72418,72293,73954,3290,3200,2700,2800,3000,2650,0
230000,female,undergraduate,married,34,0,0,0,0,0,0,0,0,0,0,0,0,0
50000,female,gradaute,single,30,45977,45931,45344,36789,28918,23095,1823,1818,1312,879,781,800,0
60000,female,undergraduate,married,48,9015,14700,438,2575,0,4532,14700,438,2575,0,4532,3566,0
300000,female,undergraduate,married,40,0,0,2454,217960,0,0,0,2454,218000,0,0,179999,0
410000,female,gradaute,single,30,6972,3188,15106,15313,10959,8341,3188,15106,6000,0,8341,17331,0
70000,female,undergraduate,single,23,0,3999,44446,21436,19987,19939,3999,44446,41,19995,6000,10305,0
180000,male,diploma,married,43,176911,172605,182641,135892,135411,126808,0,15000,0,4500,5000,5000,0
30000,male,undergraduate,single,38,19992,21055,22120,21471,21598,23241,1700,1700,0,782,2000,1100,0
50000,male,gradaute,single,55,11045,3115,7161,5351,791,47774,3115,7161,5351,791,46983,2025,0
70000,female,undergraduate,married,40,69341,19472,22066,23515,10990,0,2000,3000,2000,3000,0,150,0
200000,female,undergraduate,married,29,70422,67991,56909,56841,51245,42268,3500,2472,1683,1755,1658,3579,0
220000,female,gradaute,married,43,4009,1689,12370,12095,1832,4691,1689,12373,12099,1832,5001,10311,1
260000,female,undergraduate,married,45,7893,5923,5601,5480,5911,5963,5923,5601,5482,5911,5963,5757,0
60000,female,gradaute,single,28,20729,14486,12163,8891,1723,40276,3016,1000,0,1723,40276,3000,0
50000,male,undergraduate,single,23,49365,48927,49543,19649,20064,19691,1200,50189,682,710,690,693,0
50000,female,undergraduate,married,39,16983,16413,21128,20492,30079,29460,0,5000,0,10000,0,10000,1
50000,male,undergraduate,single,34,48844,49335,49236,43524,27062,27923,1898,1996,2162,2000,1300,2000,0
120000,female,undergraduate,single,25,0,0,0,0,0,0,0,0,0,0,0,997,1
20000,male,diploma,single,49,19481,18756,-3744,17105,17250,0,0,0,21200,345,0,0,1
360000,male,undergraduate,married,30,2500,2500,2500,2500,0,0,0,0,0,0,0,0,1
440000,female,undergraduate,single,27,25154,27028,29098,21447,13547,16008,10011,5052,3163,5010,5000,5000,0
200000,female,gradaute,single,32,0,0,2090,0,0,2820,0,2090,0,0,2820,10540,0
30000,female,undergraduate,single,23,19594,20619,21631,22062,22707,23312,1346,1358,789,1000,981,1010,0
60000,male,undergraduate,single,24,60753,54892,59268,17967,20309,17867,2800,6100,621,2609,0,756,0
20000,male,diploma,single,25,3556,3271,798,798,798,408,1481,798,798,798,408,1188,0
330000,male,gradaute,married,37,18807,15865,34284,2780,20247,1806,2087,10054,2840,21101,1814,1861,1
360000,male,gradaute,married,49,1050,390,390,750,930,540,390,390,750,930,150,540,1
130000,female,undergraduate,single,32,11175,14181,70042,20739,7469,5963,14181,70505,20749,7469,5997,1978,0
200000,female,gradaute,single,26,5337,2322,7458,1086,25643,35237,2322,7471,1086,25643,35237,7678,0
50000,male,undergraduate,single,40,47060,48117,49161,50173,18279,18266,2154,2588,2600,1000,653,1000,1
260000,female,gradaute,married,35,89420,86716,82868,80715,76377,44627,3578,2400,2000,2000,1464,1188,0
280000,female,gradaute,married,56,-5,4609,1351,1108,1288,3552,4614,1,1109,1290,3561,3279,0
20000,male,undergraduate,single,34,17676,17650,18740,18373,18768,19315,2000,2500,1000,1000,1000,2000,0
50000,male,diploma,married,40,46850,31923,47574,7613,7613,7756,2068,18135,2000,1000,1000,2000,0
30000,male,undergraduate,married,35,8348,9678,12702,12206,12701,13839,1476,3500,0,1000,1500,0,1
140000,female,gradaute,single,29,135436,144922,141289,137377,93261,95368,13102,17,5547,3242,3512,3333,0
200000,female,gradaute,single,39,0,0,0,0,2330,0,0,0,0,2330,0,0,1
160000,male,other,single,33,144,6130,0,0,0,0,6636,0,0,0,0,0,0
240000,female,diploma,married,41,3973,3724,7448,3724,5814,10942,3724,7448,0,5814,8852,0,0
40000,male,undergraduate,single,24,38344,37433,38862,39125,39408,40925,0,2335,1200,1225,2300,1396,1
20000,male,gradaute,single,23,10242,18778,19065,18025,17414,17068,10000,1300,1300,609,700,1809,0
360000,female,gradaute,married,31,0,18540,9007,9500,8675,6573,18540,10000,10000,9000,6600,32810,0
110000,male,gradaute,single,28,107800,105820,104780,98139,72176,74011,4000,4000,4100,3000,3000,3000,0
50000,female,undergraduate,married,41,29463,28715,28950,29684,29078,29944,0,1000,1500,0,1500,2100,0
220000,female,gradaute,single,29,47944,44914,46446,37604,15540,20330,5000,5008,7000,4000,5000,150,0
120000,female,gradaute,single,28,594,594,15611,7628,7361,9200,0,15611,3000,0,2000,0,0
210000,female,gradaute,married,28,0,0,0,0,0,0,0,0,0,0,0,0,0
50000,male,gradaute,married,54,48768,49419,17303,17647,18016,18375,2173,1287,631,653,658,832,0
280000,male,gradaute,married,42,-26,-26,-26,-26,5294,-4,0,0,0,5320,0,919,0
80000,female,undergraduate,married,42,30900,0,0,0,0,0,0,0,0,0,0,0,1
500000,female,gradaute,single,34,80630,80112,81726,74297,66132,67695,3000,3006,2600,3000,2600,2800,0
340000,female,gradaute,single,43,-212,-212,-212,-212,-212,-212,0,0,0,0,0,154,0
500000,male,gradaute,married,45,1366,9489,51322,12150,12463,11872,9543,51322,12176,12463,11872,22547,0
70000,female,undergraduate,married,32,67417,63334,61578,63061,64403,64948,2303,2400,2500,2500,2300,2400,0
300000,female,undergraduate,single,28,603,4728,0,0,0,279,4747,0,0,0,279,423,0
400000,male,gradaute,married,44,18432,24198,22584,22655,23417,16845,6838,2159,1000,3000,1008,1000,0
370000,male,gradaute,single,50,6093,15130,8204,15398,4792,13453,15383,8204,15413,4792,13453,4699,0
180000,female,undergraduate,married,29,113436,109439,111108,108476,104655,107338,1308,7623,3900,11,7700,0,1
280000,male,undergraduate,married,42,148363,148432,151310,141937,144990,147911,6900,6867,5500,5500,5500,5600,0
360000,female,undergraduate,single,47,3899,6571,7486,24472,5935,4999,7148,8063,25217,6487,5000,0,0
200000,male,gradaute,single,30,1528,4179,1689,1851,34808,-30895,4191,1200,1893,42804,10,85820,0
20000,female,undergraduate,married,32,8217,9910,12146,11954,14750,14371,2000,2400,600,3000,0,600,1
50000,male,undergraduate,single,22,51083,50043,98450,48689,19773,19931,3500,1000,2000,900,900,1000,0
290000,female,gradaute,single,25,11102,9327,22149,23737,13449,17963,9358,22149,20000,3449,7000,11041,0
420000,male,undergraduate,single,31,405274,411980,287733,293951,305011,312087,14302,10500,11000,16000,12000,16000,0
280000,male,gradaute,single,35,210465,200959,146652,132527,70421,60235,10299,7200,5886,3000,5000,5000,0
130000,male,gradaute,single,29,0,0,0,0,0,0,0,0,0,0,0,1500,0
40000,female,gradaute,single,24,28140,32343,39717,37263,35224,34111,5000,8017,7000,4000,5000,5000,1
20000,male,undergraduate,single,22,19666,20076,19875,19659,19310,16286,20700,2000,800,465,1000,0,0
400000,male,gradaute,married,43,-5,-5,5498,3259,5949,1111,0,5503,3262,5966,1111,2420,0
270000,female,gradaute,single,33,68589,58751,53401,51401,36177,29209,6000,2028,5010,5000,5000,3000,0
80000,male,diploma,married,43,0,0,0,0,0,2060,0,0,0,0,2060,0,0
170000,female,undergraduate,single,30,90727,93345,93812,95613,95972,97230,5000,5000,5000,4400,3000,3600,0
70000,female,undergraduate,single,30,3878,4957,6209,6338,6587,6828,1300,1500,380,500,500,800,0
200000,male,diploma,married,44,138877,144085,142520,151078,176717,168431,6437,5000,10000,27080,10017,4200,0
190000,male,undergraduate,single,40,149411,145613,156765,159386,161870,165725,0,15000,6600,6500,6500,7000,1
260000,female,undergraduate,single,28,181121,167875,171913,169495,167944,166881,7013,10051,10026,7039,8057,10213,0
80000,male,undergraduate,married,54,105365,108702,108486,94119,18809,40619,5030,2698,2172,376,40619,25311,1
20000,male,undergraduate,single,40,17068,18283,19424,19208,19600,20000,1800,1600,384,392,400,0,1
240000,female,undergraduate,single,35,227457,232729,223431,226361,223508,238587,9000,10000,8000,9000,19000,9000,0
60000,female,undergraduate,single,24,9970,7699,9479,10213,10000,11832,1020,9479,1000,200,1832,5889,0
320000,male,gradaute,married,40,8240,8240,8240,8240,15273,16106,8240,8240,8240,15273,16106,9690,0
30000,female,diploma,single,35,27873,27326,27648,27859,27084,27133,1441,1479,1406,1097,2031,0,0
120000,female,undergraduate,single,40,32130,3610,3790,18508,20737,-28,3613,3818,18564,20988,0,0,0
20000,male,diploma,single,35,0,0,0,0,13007,13912,0,0,0,13007,1122,0,0
420000,female,undergraduate,married,57,666,2629,4352,1440,1486,2290,2629,4360,2064,1486,2290,1290,0
60000,female,undergraduate,single,51,38788,18251,19289,19033,20793,23530,2065,2000,2000,2000,3000,3000,0
80000,male,undergraduate,single,25,45113,26796,19100,14600,9000,2000,1456,1200,0,0,2000,5500,0
310000,female,undergraduate,married,33,73095,72437,71851,71120,70463,69876,2573,2594,2483,2458,2516,2461,0
180000,male,undergraduate,married,49,26660,660,660,660,36906,1470,660,660,660,36906,1320,0,0
280000,male,undergraduate,single,28,1799,1768,1848,-8,1601,-3,1782,1857,0,1609,3,1077,0
460000,male,gradaute,married,51,1637,-196,4594,1517,1517,1306,0,4790,1517,0,1306,0,0
20000,male,undergraduate,single,28,10926,12899,18394,16806,36070,19257,2500,9000,0,2000,2000,1500,0
50000,female,undergraduate,married,37,7465,2790,1323,156,-177,2406,2790,1323,156,2,2583,1581,0
50000,female,undergraduate,married,56,50586,46993,33136,34475,19666,19128,2000,2000,2000,1000,1259,1000,0
110000,male,gradaute,married,50,36802,38210,40259,41585,42913,44197,2000,3000,2000,2000,2000,2000,0
50000,male,undergraduate,single,25,21679,18566,19918,19584,18508,20047,0,2000,1500,1000,2000,676,1
320000,female,undergraduate,married,30,1031,1886,2913,-27,-27,5399,1895,2927,0,0,5426,3700,0
70000,male,undergraduate,single,47,64586,62983,64885,68164,66948,71122,0,2950,4965,0,5289,0,0
330000,male,other,married,33,26586,23818,24164,25042,25665,24059,1700,1522,1400,1000,820,770,0
230000,female,undergraduate,married,34,205530,380,380,2350,103030,380,380,380,2350,103030,380,1570,0
50000,female,undergraduate,married,38,51400,0,0,0,0,0,0,0,0,0,0,0,1
80000,female,diploma,married,47,390,780,390,390,390,390,780,390,390,390,390,2379,1
20000,male,undergraduate,single,24,14068,16706,18342,17755,17967,17538,3200,2200,0,800,0,1401,0
500000,male,gradaute,single,34,324503,324262,323101,296962,84615,267596,15633,19725,13091,5066,195829,20225,0
610000,female,diploma,married,50,10579,11299,7380,3755,20515,11497,11299,9710,3769,20515,0,1070,0
150000,female,undergraduate,married,40,32117,3502,2056,7756,4993,918,3505,2056,7756,0,918,22200,0
270000,female,diploma,married,30,3842,3934,0,0,3353,764,3934,0,0,3353,764,35532,0
240000,female,undergraduate,married,32,4101,7101,5500,5500,5500,5463,8500,5500,5500,5500,5463,5500,0
210000,female,gradaute,married,33,199851,190551,192717,195700,150525,137565,7000,7791,7000,5254,5400,5380,1
20000,female,undergraduate,married,37,19969,19568,19189,13708,11467,10614,1400,2000,1500,1000,1000,2000,0
230000,male,gradaute,married,41,0,1482,2140,2360,2620,0,1482,2140,2560,2620,0,0,1
140000,female,undergraduate,single,29,20110,17102,18862,19996,21214,21085,3000,3000,3000,3500,2000,2000,0
170000,female,gradaute,single,27,169057,170609,164777,166227,166199,169533,7500,0,7400,5978,6251,5872,0
90000,male,undergraduate,married,41,3014,-1750,76674,77974,80064,81747,1757,79786,2836,3657,2972,6228,0
230000,female,undergraduate,single,42,64489,58611,54463,53008,52835,40015,3100,5000,5000,10000,3000,5000,0
50000,male,undergraduate,single,52,45840,47595,28491,3642,12291,16674,8000,8080,15012,10000,8000,2000,0
250000,male,gradaute,married,58,1635,2491,-60,600,600,0,1025,0,660,0,0,0,0
50000,male,diploma,married,48,10420,8451,9641,9468,9294,9263,1310,1500,500,500,500,200,0
70000,female,diploma,other,58,70012,67714,68412,69016,69701,70898,2418,2500,2456,2500,3000,2533,0
200000,male,gradaute,married,38,3048,0,100000,0,0,0,0,100000,0,0,0,0,0
180000,female,undergraduate,single,35,168090,150482,154063,158494,161855,171055,5500,6001,7000,6000,12000,7500,0
150000,female,diploma,married,33,147350,154848,151591,151549,146417,137835,11150,0,4845,8046,9200,5100,0
130000,male,gradaute,single,29,0,0,0,0,0,0,0,0,0,0,0,0,0
20000,male,undergraduate,married,37,20334,18555,3455,4359,4448,4704,0,1096,1000,89,256,0,0
130000,female,undergraduate,married,32,51559,50465,51531,52076,55432,56571,0,2500,2000,4200,2200,0,1
240000,female,gradaute,married,33,95835,90385,85011,77329,50673,48723,4060,3181,3000,1500,3042,1377,0
280000,male,gradaute,single,31,0,3405,2973,0,962,3481,3405,0,0,962,3481,9,0
260000,female,undergraduate,married,41,2699,3543,500,3540,2957,917,3543,505,3540,2957,917,0,0
120000,female,gradaute,single,44,27500,28565,29003,28241,28933,30956,1800,1200,0,1300,2500,0,0
50000,female,undergraduate,single,22,51798,50497,30935,14010,19110,19500,0,1663,1544,5500,390,0,0
80000,female,undergraduate,married,32,199,199,199,199,0,22109,199,199,199,0,22109,45352,1
60000,male,undergraduate,married,36,2400,2400,2400,2400,2400,1800,0,0,0,0,0,0,1
30000,male,undergraduate,married,53,18112,18456,19004,19030,24541,26305,1329,1267,683,8000,2731,0,0
450000,male,gradaute,married,61,156875,154853,152936,150996,149094,147297,11000,11000,11000,11000,11000,11000,1
150000,female,undergraduate,married,51,146018,147598,148393,149709,107862,108623,7000,7600,6000,4000,4100,4300,0
260000,male,gradaute,married,59,1929,-627,4134,792,1309,2557,627,7388,792,1312,2564,804,0
220000,female,gradaute,married,45,142389,143557,142698,145875,143254,145368,6200,7300,7510,5000,5000,5200,0
230000,female,undergraduate,married,28,0,0,0,0,0,0,0,0,0,0,0,0,0
90000,female,undergraduate,single,23,18168,17593,19492,18884,21410,21841,0,2500,0,3000,930,0,1
80000,female,diploma,married,40,16413,12171,11554,7830,4305,5427,2160,1500,1218,311,1351,1000,1
110000,male,undergraduate,single,22,99209,54218,40110,41362,41296,41225,1766,2000,2000,2000,2000,2000,1
210000,female,gradaute,single,31,0,0,0,0,0,0,0,0,0,0,0,0,0
80000,female,diploma,single,28,77450,78100,76204,66876,66182,67199,3500,2600,2400,2500,2700,2300,0
20000,male,undergraduate,single,27,2003,2948,3372,0,0,0,1086,1000,0,0,0,0,0
50000,female,diploma,single,40,5538,6563,7422,8292,8465,8650,1271,1130,1000,307,325,436,0
50000,female,diploma,married,46,13406,15175,16227,17746,7496,7877,2000,1600,2100,1930,500,500,0
200000,female,undergraduate,married,50,0,0,1350,0,1265,0,0,1350,0,1265,0,0,1
100000,female,diploma,married,30,46809,47121,45239,44712,43654,44678,2000,0,1900,1600,3200,0,0
10000,male,gradaute,single,22,2946,0,390,390,390,0,0,390,390,390,0,780,1
100000,female,undergraduate,single,31,4576,1872,2511,3333,2765,900,1872,2517,3339,2765,900,2575,1
50000,female,diploma,married,31,50612,43616,43339,29735,30360,29697,1879,1863,1042,1081,1081,1072,0
360000,male,diploma,married,31,0,392,827,136198,138722,141629,392,827,137101,5000,5119,5376,0
140000,male,gradaute,single,29,142044,142087,255846,140057,100177,100873,6100,5528,4500,3500,4000,4000,1
60000,female,diploma,single,28,396,43902,44802,42984,38495,39038,87804,2000,1567,1320,1500,2000,0
200000,female,undergraduate,single,23,964,-36,1000,0,0,43527,0,1036,0,0,54677,872,0
50000,male,undergraduate,married,62,51350,50350,49289,49058,47512,48930,50908,1800,1800,1800,2200,1774,0
80000,female,diploma,married,37,47751,-215,855086,632,632,124542,215,1024516,632,632,124542,14770,0
30000,male,undergraduate,single,26,33195,32705,32406,32167,31728,31061,1600,1500,1500,1300,1261,1003,0
100000,female,undergraduate,single,35,100207,94080,75428,76450,77503,64119,4026,3100,3050,3000,2300,2700,0
500000,male,gradaute,married,38,75433,26358,7860,2983,8767,4691,27486,7860,3047,8831,4734,11484,0
30000,female,diploma,married,23,26117,27028,27510,27817,28130,27141,1737,1609,1306,1455,857,1087,0
300000,male,gradaute,single,29,0,0,150,3550,0,0,0,150,3550,0,0,0,0
60000,male,undergraduate,single,26,59487,59199,59326,58938,30101,29735,2113,2500,3000,2500,1500,1100,0
20000,male,undergraduate,married,40,10288,9276,5622,19263,18433,26132,3010,2010,15000,4000,2000,2000,0
180000,female,gradaute,married,44,97925,98817,98495,96309,98484,100319,4303,4200,3500,3700,3600,3800,0
170000,female,gradaute,single,26,108426,109889,84897,82608,84388,86096,3600,3111,3000,3100,3101,3306,0
200000,female,diploma,married,42,1554,1645,1408,1800,819,886,1345,1108,669,0,886,2415,0
50000,female,gradaute,single,28,390,390,390,39685,40109,41303,390,780,39685,1337,5000,4696,1
20000,male,undergraduate,other,47,390,780,390,0,780,0,780,0,0,780,0,0,1
320000,female,undergraduate,married,35,4050,4914,6630,6393,9721,10584,1073,1789,0,3425,1000,3425,0
70000,female,undergraduate,single,26,70805,70087,62750,53600,45215,46486,2600,2231,1800,1700,2000,2000,0
80000,male,undergraduate,single,29,75234,76417,76916,51070,52727,54847,3007,5090,2001,3000,3000,3000,0
20000,male,undergraduate,single,30,19977,21359,20581,19860,19690,1735,2000,0,0,0,500,0,1
200000,female,gradaute,single,28,184602,187145,190983,188714,196262,198059,7000,7000,9000,10700,10600,0,0
50000,male,gradaute,single,30,7690,8805,9502,10189,10869,11533,1400,1000,1000,1000,1000,1000,0
50000,female,undergraduate,single,22,51417,48260,43889,35324,24146,22914,2054,1981,1344,810,828,824,0
50000,male,undergraduate,married,51,46094,47157,48669,42360,19840,19840,1831,2343,1611,200,0,0,0
370000,female,diploma,married,37,0,0,0,0,0,0,0,0,0,0,0,0,1
90000,female,undergraduate,single,23,87669,86653,57819,30895,14543,9329,3499,3000,3000,10000,2000,10000,0
80000,female,undergraduate,single,24,0,0,0,0,0,0,0,0,0,0,0,400,0
360000,male,undergraduate,single,28,0,0,0,0,0,0,0,0,0,0,0,0,1
230000,female,gradaute,single,33,10765,11107,11748,12269,12102,12414,1300,1300,1200,500,500,500,0
200000,male,gradaute,married,31,58008,72062,72912,80819,84186,83710,20000,20000,10000,20000,10000,10000,0
360000,male,gradaute,single,33,845,-4,831,899,1172,820,0,835,899,1172,820,670,0
130000,female,undergraduate,single,29,86584,88345,94597,92077,93272,96298,4100,8600,0,3500,7100,3600,0
200000,female,diploma,married,38,60473,151786,109495,13785,22173,10482,101796,29894,13943,21865,0,26218,0
120000,female,diploma,married,69,106775,108715,100937,102939,105307,106617,3810,3700,3658,4000,4515,3500,0
60000,male,gradaute,single,29,31235,31462,31499,16773,11568,9727,6050,6037,5084,6000,4000,3832,0
50000,male,diploma,married,41,54090,52955,51847,50307,27707,28479,0,0,0,0,974,31100,1
60000,female,gradaute,single,34,55447,48270,41087,25518,26276,27012,2178,1511,1200,1300,1300,1252,1
110000,female,diploma,single,43,114614,111306,112173,93675,59095,60336,0,5000,3000,2100,2500,2100,1
450000,female,gradaute,single,39,242,0,2343,2313,8295,699,0,2343,2313,8295,1806,1274,0
130000,male,undergraduate,single,27,131406,125858,118536,34394,66701,58437,5000,3572,3153,69200,2500,10000,1
140000,female,undergraduate,single,27,127464,119346,89977,92381,83641,86316,6000,4000,4000,3000,4000,4000,0
240000,female,undergraduate,single,31,7414,2020,-9032,13756,0,3138,2020,1000,23724,0,3138,367,0
130000,male,undergraduate,married,45,390,390,390,390,390,0,390,390,390,390,0,780,1
580000,male,gradaute,single,31,2507,2174,6527,1818,2227,2666,2190,6558,1825,2236,2678,1707,0
50000,female,undergraduate,married,34,5745,4266,3047,3606,2390,1655,1023,1051,1000,50,10050,734,0
50000,male,diploma,married,36,21031,20411,23766,23114,22173,21521,0,4000,0,0,0,1250,1
500000,female,gradaute,single,32,253767,222365,207026,203513,202853,202404,10000,10000,7000,7000,6799,7000,0
100000,male,gradaute,married,44,48850,0,0,0,0,0,0,0,0,0,0,0,0
140000,male,gradaute,married,40,136785,137175,140773,133147,140350,136475,5051,12602,0,12000,0,5000,1
170000,female,gradaute,single,34,55623,49216,46239,36300,29350,28164,2253,1888,1200,3782,1160,976,0
160000,male,undergraduate,single,32,163695,153009,115096,76037,152837,156042,7000,5400,4082,163107,5668,5958,0
400000,female,undergraduate,single,36,69376,61204,50773,39676,30680,27761,2255,1421,1381,770,731,600,0
180000,male,undergraduate,single,25,4236,5230,6570,7192,6437,12499,2001,2000,1018,6154,12527,5016,0
350000,female,undergraduate,single,40,26774,22062,38491,4683,3797,6677,22181,38683,4706,3816,6708,20105,0
100000,female,gradaute,married,29,27304,28537,32498,0,0,21648,2000,4652,0,0,21648,9600,0
100000,male,diploma,married,40,77617,80324,86016,87715,85411,87870,4000,7000,4000,0,4000,4000,0
120000,male,diploma,single,26,88143,83432,78471,77711,79250,55860,6000,4100,3000,3000,2000,0,0
170000,male,undergraduate,married,40,4599,3409,3790,2578,2100,2400,3409,6530,2578,2100,2400,6665,0
210000,female,undergraduate,single,28,40236,29230,24717,26563,22812,13620,2200,1854,2700,0,0,0,0
20000,male,gradaute,single,24,4720,0,20200,20000,0,0,0,20200,0,0,0,0,0
20000,female,undergraduate,married,58,17895,13576,18286,-200,0,18486,13605,19352,0,200,18486,5656,0
200000,female,undergraduate,married,49,75853,78983,133236,6574,2924,-626,6065,70538,6634,10,0,0,0
50000,female,gradaute,single,24,52227,55264,52028,32140,32216,31482,5350,0,1085,2000,1226,2415,0
70000,female,diploma,single,24,8391,10242,11026,2342,2390,0,2000,1000,2342,48,0,0,0
100000,male,undergraduate,married,36,46202,47239,48258,49218,99677,51738,1784,1803,1763,1843,4654,2297,0
140000,female,gradaute,single,25,30077,2809,7541,10661,2214,6020,2809,7541,10661,2214,6020,0,0
80000,female,undergraduate,single,24,0,159,0,110,-390,1104,159,0,110,390,1884,0,1
350000,female,gradaute,married,45,291,291,291,291,291,291,291,291,291,291,291,291,0
200000,female,gradaute,single,29,11347,30478,7892,1961,1357,1357,25000,8082,2580,1357,0,0,0
150000,female,undergraduate,married,39,0,0,0,0,0,0,0,0,0,0,0,0,1
230000,male,undergraduate,single,30,101832,92396,84297,49681,46224,44800,5000,4000,2029,2000,2500,1300,0
30000,female,diploma,other,46,20143,19532,22194,21542,24022,25473,0,3000,0,3000,2000,0,0
160000,male,undergraduate,single,34,144953,112501,115108,104295,61950,0,6000,5950,5128,3500,0,0,0
50000,female,undergraduate,single,23,48570,48599,49124,48930,50316,62794,1773,2246,2000,3000,1725,6120,0
230000,male,gradaute,single,33,56754,57171,56150,57074,50670,50652,3000,2100,2300,2000,2000,2000,0
80000,female,undergraduate,single,34,0,7400,-600,-600,-600,-600,7400,0,0,0,0,0,0
90000,male,undergraduate,single,44,36835,35949,40567,41604,40637,41824,0,5539,2000,0,2000,3000,0
90000,male,undergraduate,married,37,9549,9257,11983,12065,11731,11809,0,3200,572,0,422,437,0
140000,female,undergraduate,single,27,16037,17066,21199,390,0,390,2000,5000,390,0,390,780,0
100000,female,diploma,married,35,390,390,0,780,0,0,390,0,780,0,0,0,0
100000,female,undergraduate,married,35,98845,95265,98571,99322,96661,95951,4600,8002,4003,2,4005,4000,1
20000,female,undergraduate,other,44,2400,2400,2400,2400,2400,2400,0,0,0,0,0,0,1
30000,male,undergraduate,married,58,2450,4765,3767,4151,3940,3697,4777,3770,4151,3940,3697,843,1
100000,female,undergraduate,single,28,1215,1042,1042,1004,1612,622,1042,1042,1004,1650,622,622,1
160000,female,undergraduate,married,41,24674,23583,22983,22983,0,0,2800,0,200,0,0,0,1
30000,female,undergraduate,single,25,14149,15171,14635,15318,14930,16562,1543,0,1226,0,1882,0,1
750000,female,diploma,married,40,16372,15344,3329,38488,9777,66692,15420,3691,38679,9825,67024,76641,0
470000,male,diploma,married,39,0,0,0,0,0,0,0,0,0,0,0,789,0
230000,male,gradaute,single,30,101874,97302,97383,97487,96588,95221,8000,5016,5000,5000,5000,5200,0
70000,female,undergraduate,married,48,20744,22093,23432,24217,19108,19649,2000,2000,1500,1000,1000,1000,0
60000,male,gradaute,married,34,37749,38785,39803,40837,41783,42689,1948,1966,2000,1600,1600,1600,0
200000,female,undergraduate,single,32,13467,4345,0,0,171,1557,4366,0,0,171,1386,6,0
50000,male,undergraduate,single,24,47530,46155,28650,19659,19802,19699,1537,1679,688,713,858,660,0
20000,male,gradaute,single,27,19115,18962,19298,19378,19717,15630,1404,1130,600,861,313,0,0
30000,female,gradaute,single,29,2030,1533,3897,6978,4081,3686,1533,3897,4081,0,155,96,0
220000,male,gradaute,single,28,127021,132595,102667,108998,117186,121062,28500,5000,9604,10000,6000,14000,0
80000,male,gradaute,single,27,63132,61397,70223,53429,28689,24827,2378,10000,23000,5000,10000,6000,0
130000,female,diploma,single,40,98874,99363,101618,-32,-32,-32,5000,5000,3000,0,0,1000,0
70000,female,diploma,married,42,6489,9372,11179,8688,8295,10147,3000,2000,295,1000,2000,1000,0
500000,male,gradaute,married,43,14872,53132,74478,61069,37369,2581,53421,74559,1343,907,2592,42767,0
430000,female,undergraduate,married,42,38495,11935,32878,115683,84049,37210,11935,32887,115683,0,37210,29559,0
290000,male,gradaute,single,26,196780,198682,144672,146116,109672,60439,10144,7443,35215,5011,5079,3067,0
150000,female,undergraduate,married,32,3000,187000,193500,196000,200000,0,184000,6500,4000,4000,0,0,0
230000,female,undergraduate,married,34,2007,3220,6163,2765,2050,1197,3229,6191,2782,2055,1200,1710,0
440000,male,gradaute,single,31,37547,29349,23713,25427,21187,26486,20016,29748,25448,10015,14501,11501,0
50000,female,undergraduate,married,39,43724,45017,46106,28381,29546,29573,2000,2000,2000,2000,1000,1000,0
200000,male,gradaute,single,28,6905,8674,6449,14392,14792,8016,4628,6454,14392,600,164,0,0
200000,male,gradaute,married,49,0,492,0,489,320,732,492,0,489,320,732,5335,0
430000,female,gradaute,married,38,-469,215,-101,-1217,-2333,2351,1000,0,0,0,5000,12000,0
290000,female,gradaute,married,39,1358,2586,11101,21101,2833,4820,2613,11101,10000,2839,4826,1352,0
50000,male,gradaute,married,32,25411,26989,28245,29176,28696,29321,2000,2000,1500,1000,913,1800,1
20000,female,diploma,single,53,4400,-220,-220,-610,390,0,0,0,0,1390,0,780,0
50000,female,undergraduate,married,24,46437,40703,20215,21116,20036,18952,1912,1370,1271,664,658,638,0
50000,male,gradaute,married,33,12632,13131,14817,13725,13147,5932,1000,2000,7000,5000,5932,25497,0
10000,male,gradaute,single,23,780,390,390,0,780,0,0,390,0,780,0,0,1
20000,male,undergraduate,single,24,4091,5316,6467,7500,7497,8170,1300,1400,1300,270,795,0,0
50000,male,undergraduate,single,49,47864,99572,50396,9430,9638,9801,3473,2294,328,350,323,312,0
50000,male,undergraduate,other,53,49170,49446,36445,24788,24967,28652,2009,2500,1000,1500,28939,1200,0
160000,female,gradaute,single,25,6087,1934,11376,2199,10856,0,1000,11426,2199,10000,0,9867,0
500000,male,gradaute,married,57,4560,600,0,51697,37511,1685,600,0,51697,37511,1685,414,0
160000,female,undergraduate,single,23,116212,88542,68311,48875,37261,4267,0,2483,900,20000,4267,24659,1
100000,male,undergraduate,single,37,24927,27689,26960,29504,30020,29995,3185,0,3000,1300,600,2000,1
210000,female,gradaute,single,29,18662,6220,199,0,10024,-18,6224,199,200,10024,0,0,0
100000,female,gradaute,single,28,20068,21226,22573,23596,24068,24679,1800,2000,1400,863,1000,2000,0
100000,male,gradaute,married,25,91842,40308,41800,0,0,0,1809,2301,0,0,0,0,0
20000,male,undergraduate,married,45,0,0,0,0,0,0,0,0,0,0,0,19409,0
180000,female,gradaute,single,28,158245,161695,163620,165604,169075,172401,7400,6000,6100,6200,6200,6300,0
320000,female,undergraduate,single,27,180137,192621,178390,180346,178832,182860,17100,0,8000,7000,7000,6000,0
100000,female,diploma,married,41,102250,97551,101882,98311,97546,101281,0,8900,0,3500,7570,0,1
360000,female,gradaute,married,40,108399,105167,115468,112157,114690,117845,0,12000,0,5900,5000,4500,1
200000,female,undergraduate,single,34,30833,34322,36725,36749,40138,42459,4000,3000,3000,4000,3000,3000,0
200000,male,undergraduate,married,40,63182,44876,38764,37618,35737,40710,1765,10007,2019,5027,15031,7088,0
240000,female,gradaute,single,38,167856,172145,178840,186168,166745,165582,7000,10000,10000,10000,5000,10000,0
230000,female,undergraduate,single,30,3948,5899,4080,1935,1656,2351,5899,4080,0,1656,2351,3312,1
30000,female,undergraduate,single,25,5293,8107,7738,10179,11902,13109,3000,0,3000,2000,1500,1000,0
220000,male,gradaute,married,33,171182,175334,179024,183050,207481,204082,7000,6500,7000,27640,0,16000,0
360000,male,gradaute,single,32,8140,0,20470,10357,8540,0,0,20470,207,0,0,3185,0
360000,male,undergraduate,married,26,0,2500,0,0,0,0,2500,0,0,0,0,0,0
50000,female,gradaute,single,38,46179,38055,28857,27495,26344,24879,1881,1683,1064,900,862,1000,0
80000,female,gradaute,single,27,42414,43770,44455,47825,48220,48884,2039,1724,4094,2300,1600,0,0
310000,male,undergraduate,married,41,324628,305869,312567,291153,159545,97438,12000,12124,10300,8168,5500,3081,0
80000,male,diploma,single,27,10100,59714,62163,62756,61149,62464,50000,4000,2200,0,2300,5108,0
110000,female,undergraduate,married,41,182235,185646,168171,129227,49830,50287,6071,5070,3362,1755,2000,2000,0
110000,female,gradaute,single,35,32691,36344,36055,36163,37028,38250,4500,600,1000,1600,2000,2000,0
50000,male,undergraduate,single,43,47669,48102,45718,44142,40981,43634,2000,1731,1955,1454,3300,0,0
80000,female,undergraduate,married,43,398,379,298,-300,-300,-300,381,607,0,0,0,598,1
80000,female,undergraduate,married,36,4233,14233,15854,10000,10000,10000,14233,15854,10000,10000,10000,10000,0
210000,female,undergraduate,married,34,149092,153941,157358,3561,34600,32581,7000,7600,1019,36500,3000,3000,0
20000,male,undergraduate,single,26,17077,17504,16940,19621,18646,19022,1000,0,3300,0,1200,700,0
10000,male,undergraduate,single,28,619,619,8642,9151,8023,5475,0,8642,800,107,200,0,1
300000,male,gradaute,married,33,250,1280,0,320,0,0,1280,0,320,0,0,0,0
30000,male,undergraduate,married,38,17085,19702,22978,23078,24994,25330,5000,5200,3078,5000,3000,5000,0
500000,female,undergraduate,married,41,2503,613,2339,4333,1285,1969,1043,4401,3150,0,1000,498,0
60000,male,undergraduate,single,28,60721,61452,59797,30372,45283,24588,4000,1353,27826,1300,1903,3000,1
30000,female,gradaute,married,33,27729,28138,28285,28463,29303,29766,1500,1500,1500,1300,1100,1032,0
210000,female,gradaute,single,25,100,0,0,5933,8698,11572,0,0,5933,3000,3000,7444,0
350000,female,gradaute,married,56,8451,36099,5117,6714,18801,13604,36108,5136,6735,18801,13604,7326,0
60000,female,gradaute,married,28,46233,47263,48696,50385,52045,52661,2100,2500,2500,2500,1600,1500,0
110000,male,undergraduate,married,40,31042,33971,33143,34157,34950,36175,3454,0,1568,1361,1900,0,0
80000,male,gradaute,married,44,1049,0,152,9587,692,706,0,152,9587,6,706,697,0
360000,female,gradaute,single,29,357,3050,9118,19183,36842,10621,3050,9118,11000,30000,428,3166,1
50000,female,gradaute,single,28,19930,19316,20347,21354,21630,23123,0,1646,1653,929,2000,0,1
10000,male,undergraduate,single,23,5324,6509,7313,6469,6988,7489,1279,1083,500,1000,1000,142,0
360000,male,gradaute,single,32,0,0,0,0,0,0,0,0,0,0,0,0,0
500000,female,diploma,married,38,13655,8351,2340,2340,11435,189,8351,2340,2340,11435,189,5391,0
50000,male,undergraduate,married,45,50297,49944,48030,32097,31450,29695,1939,1547,1464,1078,1225,1500,0
60000,male,undergraduate,married,46,59748,60684,59532,30193,27726,26520,2500,2108,1008,1160,2000,4000,1
50000,female,diploma,single,22,18108,18512,19468,16989,17326,17748,1400,1300,2800,619,700,1000,0
260000,female,undergraduate,married,36,7258,7935,4979,3976,6623,24426,2037,4979,1019,6623,18119,1382,0
300000,female,undergraduate,married,49,300,97,6497,5897,6005,0,97,6500,0,408,0,30000,0
180000,male,gradaute,single,33,37711,40102,78400,3000,0,0,3000,40129,3000,0,0,0,0
20000,male,undergraduate,single,23,16440,20417,18333,18848,30190,19664,7403,0,820,1025,1113,104,0
230000,female,undergraduate,single,23,1090,490,0,878,0,0,0,0,878,0,0,0,1
50000,male,undergraduate,single,25,26798,27274,27529,28280,27691,28278,1200,1000,1500,0,1200,1200,1
250000,male,diploma,married,50,254893,258013,263493,268861,274444,290235,9316,9637,9765,10021,20300,10023,0
220000,female,gradaute,married,43,1090,1257,1090,1090,1090,0,167,0,0,0,0,0,1
70000,female,diploma,married,34,76023,73213,68034,68602,30252,47363,0,3000,3000,1508,20000,2500,0
500000,female,gradaute,married,44,2128,635,13258,4562,893,2030,635,13337,4562,893,2030,0,0
80000,female,gradaute,single,24,47952,45713,46752,46375,46893,47872,1732,1771,1714,1632,1687,1749,0
420000,male,gradaute,single,42,155814,155282,116385,106961,92331,89566,5397,5678,3577,3023,3026,3012,0
180000,female,undergraduate,single,37,491,0,0,0,0,0,0,0,0,0,0,3738,0
130000,male,gradaute,single,30,4536,5616,6455,6791,6991,0,1161,1000,336,200,0,0,0
20000,female,undergraduate,single,53,8847,10202,11227,11145,11381,12191,1500,1500,400,416,1002,0,0
50000,female,diploma,married,35,48829,49789,19726,20074,20121,17021,2046,3000,1500,1000,1600,1500,0
360000,female,undergraduate,single,33,8552,1118,1227,1541,1389,390,1118,1227,1541,1389,390,390,0
50000,female,undergraduate,single,24,48600,47819,48527,39147,38314,37758,2200,1889,1510,1400,1700,2000,1
100000,female,gradaute,single,35,99031,90779,84891,76232,77833,74885,3300,4300,3000,2626,2913,2600,0
30000,female,diploma,married,22,0,0,0,0,0,0,0,0,0,0,0,0,0
350000,female,gradaute,single,48,0,7900,7620,790,0,0,7900,0,790,0,0,1948,0
220000,female,undergraduate,single,26,57222,160712,210445,74138,1808,95818,107789,54539,1483,1808,94020,2581,0
450000,female,gradaute,single,31,0,0,0,0,0,0,0,0,0,0,0,0,0
310000,female,undergraduate,single,28,106468,108955,112374,54762,58189,57170,8000,6000,5000,5000,4000,5000,0
80000,male,undergraduate,single,33,24928,24229,25832,27394,29922,31879,0,2000,2000,3000,2600,0,1
210000,male,gradaute,married,39,840,1665,610,0,0,0,1665,610,0,0,0,3514,0
490000,female,undergraduate,married,52,2779,22595,755,7000,0,4341,22595,762,7000,0,4341,1061,0
170000,female,undergraduate,married,33,4018,6302,6844,1467,4797,2659,6330,6844,1467,9594,2659,7076,0
70000,female,undergraduate,single,25,46526,47820,48750,49936,51102,52276,2070,2000,2000,2000,2000,2100,1
50000,male,gradaute,single,34,22746,22099,24121,23437,25101,24549,0,2700,0,2200,0,1030,0
280000,male,undergraduate,single,33,265120,238661,223383,162196,165129,168295,9104,9401,6001,6001,6201,6201,0
440000,female,diploma,single,36,7887,2516,5252,13192,29029,27812,2516,5252,13192,20000,1179,623,0
80000,male,undergraduate,single,32,81115,77649,40630,23697,6557,32763,5000,1200,0,5000,37000,3000,0
60000,male,undergraduate,single,33,56221,58271,58446,53368,-632,15368,3000,3000,3000,0,16000,1000,0
240000,male,gradaute,married,36,229,-167,-563,254,-142,344,0,0,1213,0,1032,0,0
20000,female,undergraduate,single,48,14218,15247,16986,16418,16615,16944,1562,2301,0,610,604,779,1
30000,female,undergraduate,married,43,27862,29106,29784,29884,27833,29459,2000,1500,2000,0,3000,0,0
160000,female,diploma,married,28,38660,38942,39787,40069,37647,38268,2500,1877,2000,3000,1400,5000,0
130000,male,undergraduate,single,33,130565,131878,115173,108310,112083,81362,5012,0,4000,5000,4000,2106,0
200000,female,gradaute,married,37,0,0,0,0,0,0,0,0,0,0,0,0,0
490000,male,gradaute,married,29,115,109,1375,230,115,113,109,1381,230,0,113,0,1
140000,female,undergraduate,married,36,59379,63007,61459,59798,61287,8383,5200,0,0,3009,1000,94000,0
100000,female,diploma,married,41,77208,75377,77044,78333,78130,77761,0,3475,3263,2805,2888,2680,0
50000,female,undergraduate,single,24,594,0,0,51400,11330,12144,0,0,51400,11330,1000,1000,0
50000,female,other,single,48,47937,33816,60320,36249,780,0,2000,2000,3293,0,0,0,0
60000,male,undergraduate,married,30,46138,44832,47830,48458,47176,47461,0,4000,2000,0,2000,1700,1
80000,male,undergraduate,single,29,10278,5991,4457,75743,76343,76567,1085,1000,75743,2667,3395,1772,0
70000,male,diploma,married,46,29258,31137,32855,33316,34137,33439,2352,2531,1300,1500,0,1400,1
30000,female,undergraduate,single,22,27444,29000,29886,28392,22612,22750,2000,1800,0,1000,1000,0,1
410000,male,gradaute,single,33,4111,874,25014,26184,21515,15656,897,26880,15083,12049,4077,5541,0
230000,female,undergraduate,married,30,6294,1935,-74,926,426,926,1945,0,1500,0,1000,0,0
70000,female,gradaute,single,23,-22,-11,5173,6345,7083,8961,0,69900,1262,1000,2000,1000,0
20000,male,undergraduate,single,24,17172,18179,19061,20182,19982,19482,1597,1479,1600,400,0,298,0
220000,male,gradaute,single,28,150544,155328,156136,158416,161212,156790,12000,6000,6000,6000,6000,12000,0
240000,male,diploma,single,36,135053,141213,116710,93057,55419,59336,10000,10000,10000,5000,5000,5000,0
70000,female,undergraduate,married,24,8193,7569,8127,8838,8736,10753,1122,2127,2000,1736,2753,2177,0
120000,male,diploma,married,38,77468,78642,79757,80853,82715,84805,3000,3000,3000,3300,3600,2700,1
130000,male,gradaute,married,29,71051,67664,66258,62697,48210,46255,3000,3000,6000,2000,2000,2000,0
50000,male,undergraduate,single,32,46281,27311,41032,29626,26328,28475,1658,29000,1027,1300,2600,1280,0
20000,male,undergraduate,single,50,1956,16568,15586,12800,0,0,16573,1551,5060,0,0,0,0
390000,male,gradaute,married,34,91701,68587,101211,96725,125810,182122,60081,84908,121081,80000,85000,8000,0
360000,male,gradaute,single,40,0,0,0,0,0,0,0,0,0,0,0,0,0
480000,female,undergraduate,single,38,5619,7600,123988,177054,273429,293157,7600,123988,60000,100000,24250,12735,0
50000,female,diploma,married,27,27358,28422,28858,29289,28685,30847,1800,1200,1200,0,2800,1200,0
110000,female,undergraduate,married,46,2410,2151,2161,1719,107591,107940,2151,2161,1719,107591,5000,3500,0
30000,male,gradaute,single,25,581,1312,731,7300,6071,7849,1312,0,7300,6071,8000,16000,1
240000,female,gradaute,single,31,31759,40286,9015,10476,20237,2011,10000,9015,2000,10000,2512,67826,0
280000,male,undergraduate,single,35,117,1368,14027,-2,475,5038,1375,14111,0,477,5063,415,0
20000,male,gradaute,single,24,3302,0,679,679,5679,7570,0,679,0,5000,2000,0,0
260000,female,gradaute,single,51,12261,21670,9966,8517,22287,13668,21818,9966,8583,22301,0,3640,0
50000,female,undergraduate,single,23,48537,30271,26283,26547,27119,27697,2000,2000,1000,1000,1028,1000,1
200000,female,undergraduate,married,34,7271,9133,10972,12757,13069,13334,2000,2000,2003,1008,2029,1000,0
310000,male,gradaute,single,37,0,0,0,0,0,0,0,0,0,0,0,0,1
50000,female,diploma,married,44,45858,46315,47435,48290,49257,49345,2000,1865,1720,1687,1732,2007,0
400000,male,undergraduate,married,40,405366,397754,389903,384981,381863,359314,0,0,0,106,2281,42617,1
50000,female,undergraduate,single,31,30619,31634,32317,32787,33416,34116,1800,1500,1300,1300,1400,1500,1
100000,female,diploma,married,50,47895,48889,50099,52259,53389,55519,1790,2000,3000,2000,3000,2041,0
50000,male,diploma,married,39,26979,21029,18765,19145,19229,19026,1328,1298,678,687,691,700,0
20000,female,diploma,single,39,15969,16685,19008,18710,20235,19483,1285,2608,310,1835,707,873,1
400000,female,gradaute,single,32,46782,48075,48815,49831,50821,51884,2036,1776,1792,1782,1844,1856,0
70000,female,gradaute,single,24,110176,56378,57572,58130,59289,61331,2700,2700,2110,2125,3000,2300,0
150000,female,gradaute,married,51,0,0,0,0,0,0,0,0,0,0,0,0,0
120000,male,gradaute,married,32,106552,110787,112900,0,0,0,6000,5500,0,0,0,0,0
300000,male,gradaute,single,32,10566,11293,12000,3458,56338,56735,1200,1200,9427,55000,2000,2000,0
310000,male,undergraduate,single,29,400,400,400,400,20334,19050,0,0,0,20334,0,21573,0
120000,male,undergraduate,married,51,115771,118818,119395,108802,99988,84253,5829,5900,4100,7100,0,17400,1
110000,female,gradaute,single,32,58679,56871,56279,24271,52040,25453,1210,2056,1200,2300,0,1000,1
90000,female,gradaute,single,27,0,0,0,0,0,0,0,0,0,0,0,0,0
220000,male,diploma,married,39,175808,179399,183039,185541,187984,191837,8000,8000,7000,7000,7000,0,1
240000,male,gradaute,single,34,18825,12675,2880,13267,10036,24731,12880,0,13267,2000,15000,0,0
160000,female,undergraduate,married,32,18400,18699,26919,29801,40433,51329,10000,10018,15021,15000,20000,20000,0
80000,male,undergraduate,single,25,8852,1946,1473,48029,47525,47181,1000,1000,48029,2000,2000,2000,1
20000,male,undergraduate,married,33,17999,19090,19472,18629,12683,0,1700,3243,1200,254,0,0,1
160000,female,gradaute,married,28,4529,4269,1170,780,780,0,0,0,0,0,0,0,1
200000,female,undergraduate,single,46,430,430,430,5241,430,59415,430,430,5241,439,59415,1999,0
360000,female,gradaute,single,54,4463,3270,0,0,621,0,3270,0,0,621,0,0,0
20000,female,undergraduate,single,21,19382,20040,17850,13560,11748,10632,1318,1499,1099,333,2000,2000,0
300000,male,undergraduate,single,28,293498,299066,295173,286885,287816,294383,13007,11067,10026,10500,11080,10500,0
240000,female,undergraduate,married,50,664,1086,7041,12208,790,2009,1086,7041,12208,1109,2009,1077,0
30000,female,diploma,single,51,14417,17261,20543,18180,7200,18183,9000,5000,8180,2200,18183,8975,0
100000,male,diploma,single,35,67646,69237,70638,71680,72705,74195,3300,3100,2800,2800,2800,2800,1
60000,female,gradaute,single,28,0,0,0,619,39224,34881,0,0,619,39224,1500,1500,0
380000,male,undergraduate,married,40,31526,51255,63052,0,1184,21852,21255,13052,0,1184,21852,40534,0
80000,male,undergraduate,married,43,78726,78837,76792,61435,26516,27215,3000,3000,3000,1500,1500,1500,0
300000,male,gradaute,single,34,2915,1813,3397,4024,5363,3572,1813,3555,4024,5363,0,500,0
70000,male,diploma,single,53,9928,11259,12262,17046,17618,18321,1497,1500,5000,1000,1000,1000,0
230000,female,gradaute,single,39,4612,2906,23777,78287,8986,11666,2906,23820,78287,35890,11000,10180,0
70000,female,undergraduate,single,24,27431,27163,18987,20170,15900,0,5006,1400,2013,370,0,0,0
530000,male,undergraduate,married,54,-30,-420,390,390,166210,129716,0,1200,390,166210,6000,3000,0
80000,female,undergraduate,single,45,2574,390,3889,780,390,390,390,3889,780,0,390,390,0
50000,female,undergraduate,married,54,50566,49717,49661,49581,49550,48871,2102,2013,1747,2012,2000,5900,0
180000,female,diploma,married,64,120070,123963,125022,129079,130109,133714,5876,4525,6123,4644,5688,5699,0
80000,female,undergraduate,single,32,11572,14038,14207,14643,14856,15160,2670,700,672,600,550,570,1
50000,female,gradaute,single,61,60458,54438,53605,0,0,0,0,1100,0,0,0,0,1
200000,female,undergraduate,married,40,39929,32910,17965,9846,13621,10466,33000,18000,9900,13650,10500,9900,0
160000,female,gradaute,single,42,4980,0,0,0,0,0,0,0,0,0,0,0,0
300000,female,diploma,single,44,0,0,0,0,0,0,0,0,0,0,0,0,1
260000,female,undergraduate,married,53,222134,223345,225258,189500,182771,188876,10020,10007,10017,10003,10007,10036,0
350000,female,undergraduate,married,34,23589,22585,23263,23755,23900,25016,0,1700,1500,1000,2000,1500,0
50000,male,undergraduate,single,26,1530,750,1140,1530,750,1140,750,1140,1530,750,1140,1530,0
70000,male,diploma,married,53,712,712,862,862,862,862,712,862,712,712,712,712,0
90000,female,gradaute,single,31,63872,66983,63070,1184,4154,3502,5003,0,1000,4000,3502,1400,0
200000,female,gradaute,married,25,776,0,0,151,0,0,0,0,151,0,0,0,0
50000,male,undergraduate,single,25,1170,780,0,0,0,0,0,0,0,0,0,0,1
290000,female,undergraduate,married,51,6859,11210,2436,266,0,3412,11210,2436,266,0,3412,0,0
390000,female,gradaute,single,27,386301,392458,290201,295606,300709,305904,17000,11000,11000,10656,11000,12000,0
50000,female,diploma,single,22,11867,12588,13089,13731,13891,1769,1309,1200,1232,891,4435,1836,0
340000,female,gradaute,single,26,58363,106270,159464,155685,137838,6556,56270,59503,3330,40,6556,16390,0
120000,female,undergraduate,single,25,0,0,0,0,-10810,-15296,0,0,0,0,0,85929,1
140000,female,undergraduate,married,40,102502,101164,99579,99004,88485,85218,5000,5000,5000,3000,3000,4000,0
50000,male,undergraduate,single,26,41375,35398,27906,23043,19167,19478,1515,1424,1315,1000,1000,1000,0
390000,female,gradaute,single,30,60819,61300,59328,57852,55903,53516,5000,2506,3000,2500,2000,2000,0
30000,female,diploma,married,46,29003,28544,27177,28630,25087,25342,1500,2000,2390,1000,1000,2000,0
140000,male,gradaute,married,45,64393,65271,66606,64940,73677,75316,2500,3000,0,10000,3000,0,1
260000,male,gradaute,single,49,316,316,4866,316,316,4843,316,4866,316,316,4843,316,0
60000,male,undergraduate,married,35,22226,18597,13801,8038,7340,-153,1292,2245,161,7340,0,20341,0
230000,female,undergraduate,single,28,0,0,0,0,0,0,0,0,0,0,0,0,1
50000,male,undergraduate,single,33,53282,50936,49911,19817,20492,20365,3000,2300,715,1000,878,1000,1
290000,male,diploma,single,41,293281,268030,157691,158720,144085,143663,7948,22429,5530,4442,5887,5890,0
30000,male,undergraduate,single,29,32875,32101,31071,30136,28496,29675,0,0,0,0,1642,0,1
260000,male,undergraduate,single,32,60587,-83,-83,458,-7941,156600,0,0,541,4538,166000,6000,0
480000,female,undergraduate,single,34,489305,479927,471639,375196,285319,209218,18231,20010,13013,11209,9010,162510,1
180000,female,undergraduate,other,52,0,0,145,0,0,0,0,145,0,0,0,0,0
400000,female,diploma,married,37,76917,79075,81864,83747,85487,88315,4000,4000,3000,3000,4000,4000,0
50000,male,gradaute,single,26,38160,40213,41167,41890,42605,41792,3000,1900,1700,1700,0,2500,1
200000,female,gradaute,single,46,2263,3441,2124,6041,2975,3441,3448,2124,6063,2975,3441,1841,0
110000,female,gradaute,single,31,14268,2491,0,0,0,0,2491,0,0,0,0,0,0
90000,female,gradaute,married,37,1243,0,2366,-1438,-1438,66129,0,2366,1068,0,67567,2500,0
20000,female,undergraduate,single,22,5613,5377,6920,6911,6655,7191,0,1638,251,0,647,0,1
170000,male,gradaute,single,39,171160,187853,171095,137986,141319,139463,13000,6154,15000,6000,7000,5000,0
20000,female,gradaute,single,49,16715,16719,34196,18760,19132,19533,1271,1300,2612,684,709,875,0
310000,female,gradaute,married,31,0,0,24480,0,0,1635,0,24480,0,0,1635,3008,0
150000,male,undergraduate,married,43,122084,126042,128706,131333,133974,136907,5000,3700,3719,3756,4031,3914,0
50000,female,diploma,married,41,48403,49448,50125,9717,9549,9840,2550,2227,339,500,600,500,0
140000,female,gradaute,married,33,0,840,0,0,0,0,840,0,0,0,0,0,0
230000,female,gradaute,married,42,6087,16041,29977,5608,0,0,16050,29989,5608,0,0,0,0
280000,male,undergraduate,single,30,204773,188704,185257,188344,179764,167051,8038,6000,5083,5000,5036,5000,0
20000,female,undergraduate,single,25,16654,12801,14155,19975,19975,0,2000,2000,7000,0,0,0,0
30000,female,undergraduate,single,34,23336,24642,25382,26351,25165,25536,1700,1440,1409,1048,927,932,0
500000,female,undergraduate,single,28,72620,873,8596,6418,6243,1984,873,8596,275,300,1984,27014,0
210000,female,diploma,married,38,2569,3920,2529,3087,2811,3204,3920,2529,3087,2811,3204,4173,0
220000,female,undergraduate,single,28,3700,0,0,0,0,0,0,0,0,0,0,0,1
20000,female,diploma,other,27,17973,20482,19693,11932,1280,0,2800,0,239,3380,0,0,0
360000,female,gradaute,single,38,254900,259974,268459,271691,277226,283210,9300,14200,9200,10000,10403,11900,0
100000,male,diploma,married,51,54530,37295,96251,36221,36424,37791,55000,100044,2000,2000,2000,3000,0
40000,female,other,married,48,36581,37896,40262,40370,39970,39970,1926,3292,1400,0,0,0,0
100000,male,diploma,married,40,12878,7702,2377,0,0,0,2000,2377,40000,0,0,0,0
140000,female,undergraduate,single,27,515,0,0,0,0,0,0,0,0,0,0,0,0
40000,male,undergraduate,married,25,37540,38611,39508,38674,38410,37661,1976,1873,1300,2824,0,2000,0
170000,male,undergraduate,married,35,17920,19229,18642,19743,19422,3644,1900,0,2000,0,500,500,0
270000,female,undergraduate,married,32,276339,264141,270573,275560,243792,251098,11000,12000,11000,8700,11077,34000,0
80000,female,undergraduate,single,25,57994,17695,7987,2622,2449,-331,3327,44,2629,2457,0,0,0
500000,female,undergraduate,married,27,11354,9983,13570,10000,10000,10000,9983,13587,10000,10000,10000,25304,0
150000,male,gradaute,single,25,52952,95134,31578,26089,16624,5107,60086,2000,2000,5000,6000,9000,0
700000,male,undergraduate,married,50,3528,2018,2131,5746,733,2913,2024,2131,5750,733,2917,2131,0
360000,female,gradaute,married,31,9315,58319,48179,14702,20444,30833,58617,48426,14775,20559,30954,14905,0
60000,female,undergraduate,single,24,60425,57786,55272,55925,57063,48228,28,2500,2000,2030,2100,3500,1
140000,male,diploma,married,33,140795,93199,64487,53220,50051,45859,3609,2039,3014,2514,1656,1005,0
50000,female,undergraduate,single,22,50583,50974,51688,50024,29381,28957,2300,3000,0,800,808,1200,0
20000,male,diploma,single,40,12649,15526,16383,15831,15438,17371,3103,1408,0,0,2346,0,0
50000,male,diploma,single,46,390,170,780,390,780,40418,170,1000,0,780,40418,3170,0
250000,male,undergraduate,single,26,115497,114716,117212,112623,110178,108176,3835,4068,3859,3597,3822,3825,0
370000,female,diploma,married,34,104114,233130,222640,184330,169078,167940,210000,9413,7900,6000,6000,7000,0
220000,female,undergraduate,single,28,43436,46883,44179,44704,44997,45199,5012,2500,2000,2000,3000,3000,0
100000,male,gradaute,single,32,83845,87580,84140,86400,87275,89082,4500,3300,3881,2500,2519,2700,0
60000,male,diploma,single,26,56387,57648,59521,58637,38490,38492,2200,2805,1764,1356,1500,1523,0
50000,male,undergraduate,single,28,45769,47213,48162,48576,43700,44853,2500,2000,1523,200,2000,3388,0
70000,female,undergraduate,single,26,71862,73594,71851,68539,49027,48969,3500,0,3100,1900,2000,1865,1
50000,female,undergraduate,single,23,51002,50974,50021,49353,30439,29890,1983,2456,3288,1230,1085,1252,1
150000,female,undergraduate,single,26,9189,4359,4880,0,0,2250,2000,4880,0,0,2250,0,0
210000,male,diploma,married,47,6460,3623,10325,8751,11920,8967,3623,10362,8751,11920,8967,7416,1
200000,male,gradaute,single,24,9167,200,198,18154,13677,2018,200,198,18156,0,1150,0,0
30000,female,undergraduate,married,35,11359,27657,26745,27345,25300,0,27657,0,1000,0,0,0,0
530000,female,gradaute,single,39,439330,407763,364298,345867,346676,352736,17045,14089,11962,11763,12557,12496,0
20000,female,undergraduate,single,25,18519,20195,19638,17198,14253,18475,2000,1376,1121,460,6000,624,0
50000,female,undergraduate,single,23,34448,35545,36620,40767,41495,42377,1975,1950,5100,1700,1700,700,0
120000,male,undergraduate,single,34,856,856,856,856,856,856,856,856,856,856,856,2664,0
320000,female,undergraduate,married,29,34818,22718,9398,10222,13791,13498,1690,1500,1000,3628,1041,1006,0
130000,female,undergraduate,single,27,0,0,0,0,0,0,0,0,0,0,0,0,0
280000,female,undergraduate,married,49,28788,31315,30529,33562,34557,35600,3315,0,3562,1557,1600,3175,0
20000,male,undergraduate,married,52,15768,16792,18105,18157,18538,19200,1285,1598,650,674,971,580,0
500000,female,undergraduate,single,39,17749,22130,42532,-118,67910,54976,10106,42744,0,68445,42,1232,0
160000,female,undergraduate,married,58,1443,1443,1443,1443,1443,1443,1443,1443,1443,1443,1443,1443,0
230000,female,gradaute,single,36,1545,306,8389,7465,6549,576,306,8389,9,0,0,342,0
240000,female,diploma,married,44,24469,11511,4670,17480,5489,7740,11511,4670,17480,0,7740,6788,0
30000,female,undergraduate,single,23,18497,21016,22178,21529,23863,22357,3153,1800,0,3000,0,4255,0
500000,female,gradaute,single,29,14217,33651,33134,34571,36003,37416,20000,18000,20000,20000,20007,20007,0
200000,female,undergraduate,married,44,2667,2478,6406,6216,5258,7002,0,4000,14,2000,2000,2000,1
400000,female,undergraduate,single,44,4988,2986,96868,33745,5143,1601,3003,97353,33913,5168,1611,0,0
30000,male,diploma,single,34,24367,28682,27922,28632,29075,30891,4723,0,1173,1056,2300,0,1
20000,male,undergraduate,married,40,20498,19692,20498,19898,19906,18586,0,1600,0,398,0,0,1
260000,female,gradaute,single,33,6475,2500,500,210,210,-90,2500,500,210,0,0,0,0
280000,male,gradaute,single,36,198,1979,500,55176,5950,289,1979,500,55176,5950,289,6757,0
150000,female,gradaute,single,25,129911,140013,137279,143848,146986,149805,12200,1000,10400,5600,5400,5000,1
230000,female,diploma,married,30,134272,238601,135099,133431,53103,49586,107000,3826,5000,5000,2000,3000,0
200000,female,undergraduate,single,30,185070,182566,178604,181878,182444,185250,7022,6501,6500,6504,7008,8009,0
40000,female,undergraduate,married,53,4621,6527,7776,7502,7651,7811,2150,1500,0,274,283,436,1
230000,female,other,married,42,390,390,390,390,240,930,390,390,390,240,1080,0,0
70000,female,undergraduate,single,33,67967,66276,71307,71977,70306,71161,0,6124,2500,0,5300,2600,0
200000,female,other,single,25,134857,123653,108765,96918,98685,97621,4257,3274,3025,3266,3145,2176,0
60000,male,undergraduate,married,52,58682,56893,58170,56539,29425,28013,3762,3000,2000,1000,1000,1500,0
160000,female,gradaute,married,34,1072,3297,5923,158,11030,158,3297,5939,158,11030,158,158,0
350000,male,gradaute,married,55,3297,11634,12952,39274,5474,14837,11637,12991,39278,6000,14837,931,0
300000,female,gradaute,married,39,1134,611,0,0,706,0,613,0,0,706,0,0,0
20000,male,undergraduate,single,23,10208,14972,17432,19548,18948,18358,4972,3000,2700,0,0,1000,1
80000,female,diploma,married,55,69116,64325,59653,55159,56277,57347,2500,2000,2000,2000,2000,2000,0
450000,male,gradaute,married,34,451113,460261,455701,451559,429235,391559,18500,20000,17000,16300,14108,16000,0
50000,female,undergraduate,single,47,43439,44769,43781,45021,28660,27807,2341,0,2554,0,1800,0,1
30000,male,undergraduate,married,33,34914,35000,0,0,0,0,1000,18000,0,0,0,0,0
60000,male,undergraduate,single,42,60660,57718,38144,29542,30700,30064,3500,1731,2009,4121,0,1000,0
180000,female,undergraduate,single,28,103203,108032,109741,112907,115924,118832,6500,5000,5000,5000,5000,5000,0
260000,female,gradaute,single,27,23820,23873,14856,17022,20032,11144,10000,3000,4000,5000,3000,6000,0
50000,female,undergraduate,other,52,50671,50525,38240,18443,20065,20296,1844,1292,804,5717,823,1299,0
140000,male,undergraduate,married,48,86114,87896,89397,90514,91661,90100,4100,3800,3500,3500,0,6900,1
70000,female,diploma,married,33,32405,22484,23169,23337,18265,18001,10580,8009,10004,5000,5000,5000,0
300000,female,gradaute,single,28,788,736,736,1025,27289,28142,1000,736,1025,27000,2000,1100,0
50000,female,gradaute,single,26,5310,34105,34536,0,0,0,29000,1000,0,0,0,0,1
320000,male,gradaute,single,26,111710,12484,13917,12125,0,0,1267,1700,243,0,0,220000,0
160000,female,undergraduate,married,25,103398,100925,97701,99434,99527,16331,0,0,2321,432,546,550,0
10000,female,gradaute,single,22,6967,9199,8908,9676,9680,8343,2523,0,1000,4,167,3535,1
360000,female,gradaute,single,28,9626,11684,18144,57687,49519,53478,15023,18500,57697,11000,15000,5000,0
360000,male,diploma,married,42,0,4435,0,3666,2749,2921,4435,0,3666,2878,2921,5270,0
140000,female,gradaute,single,27,143536,141849,131491,94362,85863,83974,5341,4000,3500,3000,13000,2300,0
390000,female,gradaute,single,30,86124,89129,90294,92243,94186,97562,4300,3437,3346,3475,5000,10005,0
450000,female,gradaute,married,33,3485,2989,2278,4714,768,1069,3004,2289,4737,771,1074,370,0
50000,female,undergraduate,married,43,17102,19805,21188,20550,21209,21713,3000,2000,0,1000,1000,1000,1
50000,female,undergraduate,single,41,45408,36025,0,0,0,0,2025,0,0,0,0,0,0
50000,female,undergraduate,single,22,24775,25971,26666,27324,29596,26226,2001,1501,1501,3001,919,3501,0
90000,male,undergraduate,married,55,15019,19740,25382,27132,31675,37900,5000,6000,5000,5000,8000,2000,0
170000,male,gradaute,single,27,133149,138769,145050,146641,149603,157601,11936,13314,5801,5800,11000,1000,0
150000,female,diploma,single,39,60115,48412,37033,25032,12500,12500,1662,1783,1282,250,12500,12500,0
80000,female,gradaute,single,23,69584,66342,60514,48965,29648,28737,2519,1838,1434,1015,1505,663,0
20000,male,undergraduate,single,22,14380,13536,15040,14174,14472,14763,0,2040,0,526,532,1585,0
20000,female,undergraduate,single,50,13922,15433,15683,16050,17401,17573,3000,3000,1000,2000,1000,1000,0
50000,female,undergraduate,single,29,9730,9067,9816,9889,8765,9136,1500,1091,1000,1000,1000,2000,0
30000,female,gradaute,married,38,25080,26460,27042,27617,28546,13487,1800,2000,1400,1300,700,1000,0
210000,female,gradaute,single,29,0,0,0,0,0,0,0,0,0,0,0,0,1
50000,female,diploma,single,29,47815,49216,51082,46983,19839,16389,2500,3009,4012,3000,2000,3000,0
180000,female,gradaute,single,38,16056,179490,180360,177460,140738,141830,180040,8200,9607,5103,5237,5000,0
360000,male,gradaute,single,35,2220,0,0,0,0,0,0,0,0,0,0,0,0
340000,male,gradaute,married,48,321046,329563,335012,197797,201935,140812,13690,12693,6100,6300,5100,5400,0
50000,male,undergraduate,married,43,780,390,390,650,260,520,0,390,650,0,800,800,1
20000,male,gradaute,married,35,5745,6023,7053,5909,3287,3604,2224,1171,500,500,500,5000,1
50000,female,diploma,married,55,46300,10849,8857,9658,9359,9554,1200,1147,1222,0,350,338,0
60000,female,gradaute,single,23,13233,12772,14555,15803,19217,18768,1500,2000,1500,3700,0,900,0
380000,female,undergraduate,single,28,123880,105184,69221,46858,33060,27047,7050,6018,3000,4000,4000,250400,0
130000,female,gradaute,single,27,0,0,0,0,0,0,0,0,0,0,0,623,0
20000,male,undergraduate,single,25,19770,19463,20998,19468,36702,0,1465,4000,0,367,0,0,1
210000,female,undergraduate,single,34,73415,76188,78276,81246,78971,80359,4002,4000,4323,3501,3000,2700,0
30000,male,undergraduate,single,42,2782,2975,2230,1390,4040,3080,2975,2230,1390,4040,3080,2190,0
360000,female,undergraduate,married,48,226430,231878,234192,190211,173557,146511,9100,7300,5800,5600,5600,4100,0
170000,male,undergraduate,married,35,3995,6300,15291,9085,5801,6603,6380,15291,182,116,6603,4000,0
290000,male,gradaute,married,51,225478,225603,216488,152892,150051,146287,10026,10006,7000,5000,5200,5500,0
60000,female,undergraduate,married,30,14135,13616,16065,18092,17504,19216,0,3000,2300,0,2000,0,1
90000,male,undergraduate,single,34,50281,14033,12628,20172,73512,72588,0,2000,20172,73512,3000,4000,0
60000,female,diploma,single,27,39325,40668,42009,43804,44473,45752,2000,2000,2500,1700,2000,1700,0
180000,male,gradaute,married,37,0,0,0,0,2201,2201,0,0,0,2201,0,0,0
740000,female,undergraduate,married,35,960,8154,1477,15713,8988,25449,8229,1487,15754,9012,25596,7003,1
240000,female,diploma,married,50,234205,231669,214642,207642,210375,214694,10116,9150,8008,8000,8009,7714,1
50000,male,diploma,married,23,13352,14111,0,0,0,0,1066,0,0,0,0,1000,0
170000,female,gradaute,single,27,118801,108980,112125,109579,107030,101130,4000,5300,3800,3880,3500,3400,0
380000,female,gradaute,single,32,91806,100291,108245,109006,117195,121246,10000,10000,10000,10001,6000,38000,0
210000,male,undergraduate,married,30,32903,33275,34174,34141,34456,34737,1600,1846,1209,1248,1247,1212,1
50000,male,undergraduate,single,25,7180,6922,7849,8018,8884,8593,0,1200,300,1000,0,1000,1
460000,female,gradaute,married,45,184,1899,1819,1572,237,1572,1904,1819,1572,237,1572,230,0
10000,male,gradaute,single,27,5703,6734,8833,9604,9800,10000,1130,2229,1000,196,200,0,0
30000,male,diploma,single,38,14095,15117,16130,16462,16808,17140,1255,1268,600,611,612,1000,0
200000,female,gradaute,single,32,3450,12113,16152,19443,19189,13947,12174,16239,19446,529,400,277,0
220000,male,gradaute,married,32,8757,-2323,-3322,-3322,-3622,-2852,9,23000,0,0,3000,0,0
50000,male,undergraduate,married,29,400,400,400,400,400,400,0,0,0,0,0,0,0
150000,female,other,married,25,1072,963,3271,16741,8230,6517,1321,3271,16741,0,3885,11970,0
30000,male,diploma,married,47,28923,29803,25373,23231,23913,21120,1586,1365,1663,5106,1050,0,0
90000,female,diploma,married,40,40467,41495,42520,42997,41698,43976,2000,2000,1800,0,3434,1708,0
20000,female,gradaute,single,24,18821,18714,18942,20179,20204,20239,2000,1300,1500,2500,1000,1000,0
60000,female,gradaute,single,28,21501,20650,0,0,0,2285,0,0,0,0,2285,0,0
400000,female,undergraduate,single,43,15000,18400,15000,492,14926,7626,18400,15000,492,15000,7725,3000,0
340000,female,undergraduate,single,25,0,0,0,1888,4777,4752,0,0,1888,4777,4752,1888,0
20000,male,undergraduate,single,63,1650,1650,1650,1650,1650,1650,0,0,0,0,0,0,0
210000,female,gradaute,single,32,19959,1592,-2,560,6190,243,1603,0,562,6196,243,4061,0
40000,female,diploma,married,39,34378,37584,38072,37160,39628,40428,3768,1400,0,3081,1600,0,1
400000,female,undergraduate,married,45,9083,12641,15377,14757,44843,6622,12658,15384,14757,44843,6622,6309,0
100000,male,gradaute,married,51,87603,93461,95022,95972,98283,97819,8200,4000,3400,4000,1600,2000,1
80000,male,undergraduate,married,36,25028,26054,20344,7311,6100,2160,3033,3379,0,0,0,0,0
30000,male,diploma,single,38,30771,29975,27541,27785,28839,29412,0,2000,1000,1500,1052,591,0
30000,female,gradaute,single,23,4242,3891,1005,5308,8430,0,3915,1005,5308,8443,0,1120,0
120000,male,undergraduate,married,43,3972,2809,1021,2311,3868,2980,2816,1021,2321,3868,2980,0,0
500000,male,gradaute,single,36,34639,41481,25747,5749,10370,14161,10010,8078,2000,5000,6000,15000,0
200000,female,gradaute,single,33,196304,195766,195191,182027,139901,135720,9000,8939,8099,5000,5000,5000,0
200000,female,gradaute,single,28,6023,3621,2659,1708,1629,13037,3632,2659,1708,1629,13037,450,0
80000,female,gradaute,married,44,-60,2400,595,1810,737,2555,2460,595,1815,737,2555,4290,0
20000,female,undergraduate,married,24,19891,15895,17140,18457,21381,18914,0,1500,1600,1646,678,1000,1
500000,female,undergraduate,single,31,-9,-9,-9,-9,1796,-90,0,0,0,1805,0,18268,0
90000,female,undergraduate,married,28,24657,25743,26406,24364,19726,19166,1500,1500,1508,1000,1000,800,0
90000,female,undergraduate,other,40,89762,90395,87428,61778,68248,66997,3000,2773,2402,7660,0,2711,0
150000,female,undergraduate,married,47,0,0,0,0,0,0,0,0,0,0,0,0,0
130000,male,undergraduate,single,37,131446,102650,0,0,0,0,5000,0,0,0,0,0,0
250000,female,diploma,married,43,278,278,278,278,278,428,278,278,278,278,428,278,0
70000,male,undergraduate,married,45,43050,43410,36226,29369,25873,26101,1888,1225,856,6000,1097,604,0
160000,male,undergraduate,married,32,5525,4039,3656,3801,2540,2279,0,1094,1500,0,1000,0,1
350000,male,undergraduate,single,34,2184,1445,2424,4582,5600,2927,1445,2424,4584,5610,2927,1298,0
10000,male,undergraduate,married,32,8425,8148,9481,9180,10052,10091,0,1632,0,1022,350,0,0
110000,female,diploma,single,32,50433,42098,42753,42428,43740,44858,2200,2000,2500,2300,2300,2000,0
70000,female,undergraduate,married,34,50488,47018,46871,41821,41344,41376,2200,2015,2000,1500,1700,2000,0
280000,male,undergraduate,single,38,168581,170775,166749,168739,166757,161777,6000,5,5858,5741,5608,5712,1
110000,female,undergraduate,married,40,5457,6660,7590,8657,9013,9367,1300,1200,1200,500,500,1000,0
110000,male,undergraduate,married,32,73772,75299,72978,67877,60444,61737,2765,2404,2292,2196,2300,2200,0
200000,female,diploma,married,41,98184,103228,119034,0,0,0,5143,19034,0,0,0,0,0
210000,male,undergraduate,married,66,780,390,390,390,780,390,0,780,390,780,0,390,1
180000,male,undergraduate,married,35,32082,31293,31570,33370,33370,0,0,1400,2200,0,0,0,0
30000,female,diploma,single,47,25262,24365,5160,6160,5780,4790,1518,1000,1000,0,1000,0,0
170000,female,undergraduate,single,30,92626,90727,93345,93812,95613,95972,5000,5000,5000,5000,4400,3000,0
50000,male,undergraduate,married,41,36696,46041,47890,8412,9412,0,10000,3012,1000,1000,0,0,0
300000,female,gradaute,single,32,2081,1925,1656,1756,1776,3414,1925,1656,1756,1776,3414,109,0
30000,male,diploma,married,36,1493,1555,390,780,390,390,1858,390,780,0,390,0,0
210000,male,diploma,single,66,209396,136809,139411,138991,140886,143721,6510,6450,5103,5500,5307,5011,0
50000,female,undergraduate,married,27,43583,35245,27520,25928,26470,27077,3100,1723,1100,1111,1200,1130,0
50000,female,undergraduate,married,36,46203,45159,49125,47956,43578,35126,0,4700,0,2004,3500,0,0
30000,female,gradaute,single,22,14885,16579,17498,25032,25626,27191,1939,1500,8213,1000,2000,3200,1
170000,male,undergraduate,married,39,143339,125864,112300,110371,113685,98489,20000,6000,5000,5000,3000,2000,0
150000,female,undergraduate,married,37,40680,44960,45976,46890,47873,48833,4960,1765,1679,1739,1757,1795,0
70000,female,diploma,single,40,12924,14615,14692,14784,15175,16360,2600,1000,1000,1000,2000,2000,0
260000,female,other,single,32,169734,168207,155963,148701,141039,143838,6568,6025,5703,5123,5148,5368,1
350000,male,diploma,single,41,-331,1656,1440,27000,872,12600,2155,1440,27000,872,12600,0,0
200000,male,undergraduate,married,38,102272,104978,105924,102663,97090,98045,5000,4500,0,3500,3500,9000,1
120000,female,undergraduate,other,37,26446,27719,27570,28318,29217,28598,2000,600,1500,1500,0,1056,1
30000,male,gradaute,single,26,7510,7247,8165,8529,8743,8949,0,1200,500,500,500,500,1
150000,male,undergraduate,single,24,9514,14961,3337,1012,4944,1016,15046,3367,1020,5392,1016,0,0
50000,male,undergraduate,single,23,49283,48570,49362,47907,18145,17495,1781,3264,1400,3000,350,133,0
240000,female,gradaute,married,29,41923,21409,17833,194043,194991,192800,1779,1000,194043,6530,7000,7000,0
20000,female,undergraduate,married,50,0,390,181,891,501,1051,780,181,1100,0,1100,4030,0
90000,male,diploma,married,39,93757,91359,88616,56887,46700,47272,4000,2625,2511,1501,1391,1393,1
10000,male,undergraduate,single,23,5857,6722,8305,9405,9100,13392,1117,1700,1230,0,761,0,0
170000,female,undergraduate,married,29,79091,62575,63317,63903,43505,43995,2235,2493,2585,1683,1901,2111,0
210000,male,gradaute,single,32,218742,218317,73874,73219,96844,94731,10000,5000,5000,30000,4500,15000,0
230000,male,gradaute,married,43,9462,9701,10277,13148,12834,13861,1000,1000,3000,0,1200,0,0
200000,female,undergraduate,single,27,6369,5830,7254,7164,4576,5792,5830,7254,7164,4675,5792,5196,0
150000,female,diploma,single,47,153412,153720,150540,153103,152060,151470,7000,7000,7000,5200,5500,6300,0
340000,female,undergraduate,married,31,33639,37373,40990,42415,38367,37940,5000,5000,3000,2000,2000,3000,0
20000,female,diploma,married,36,14822,17216,17541,18300,19100,2200,3641,900,1200,1000,100,0,1
20000,female,undergraduate,married,26,15803,15252,18093,18499,20898,19999,0,3103,1000,3000,0,0,1
260000,male,undergraduate,married,54,212197,212185,212584,213851,215362,214879,7534,8201,7633,7436,7879,8727,0
20000,male,undergraduate,single,26,36060,31741,30013,25938,28447,24288,0,2600,0,6500,0,0,0
100000,male,gradaute,single,41,31452,32453,33490,34926,35771,36366,1527,1564,2000,1426,1320,1333,1
420000,female,diploma,single,35,63715,62201,56125,49114,47563,45829,3002,2200,1700,1800,1700,1500,0
400000,male,gradaute,single,48,112789,115910,120657,122338,124145,113477,5000,6624,5200,3826,3363,3398,0
50000,female,undergraduate,single,31,28947,30072,30895,31589,32071,32709,1900,1600,1500,1300,1300,1500,1
130000,female,undergraduate,married,41,8920,9538,10174,11036,10552,9934,1161,1187,1439,345,346,487,0
50000,female,undergraduate,single,33,12498,16264,17918,16072,17041,19028,4000,2000,1000,2000,2396,1000,0
110000,female,undergraduate,single,24,98843,92820,78232,69426,70987,75835,3200,3500,3000,3500,7000,3000,0
400000,female,gradaute,single,32,48419,51886,53291,57265,61035,64879,5000,3000,5000,5000,5000,5000,0
100000,female,undergraduate,single,32,101556,98734,98858,98259,80849,81151,3481,6006,3246,2994,2903,2849,0
360000,male,gradaute,married,52,236171,228951,220826,191655,162435,132093,8500,7800,6665,5670,4461,3100,0
50000,female,undergraduate,single,48,1309,2158,1787,860,896,1087,1000,1787,860,900,1087,3123,0
400000,female,gradaute,married,51,-9,1084,3884,0,27703,0,1093,3884,0,27703,0,56677,0
100000,female,undergraduate,married,47,6666,6666,0,6270,-396,-396,6666,0,6270,0,0,0,1
110000,male,undergraduate,single,47,53016,56532,57502,58460,59876,58761,5000,2500,2500,2500,0,5000,1
360000,female,undergraduate,married,50,147,686,6037,1560,0,275,686,6041,1560,0,275,0,0
290000,female,undergraduate,married,31,284583,274119,275169,189354,193163,197303,10000,10490,6620,6700,7000,7150,0
140000,female,diploma,married,46,68075,69972,71805,73613,75426,77169,3000,3000,3000,3000,3000,5000,0
10000,male,undergraduate,single,47,8640,9043,9489,9237,9422,9619,1145,1136,1144,329,340,418,1
210000,female,other,married,40,206446,202462,173236,84302,25876,140066,8139,10007,5609,2000,151139,6000,1
400000,male,gradaute,single,29,31348,27887,38915,29926,24383,45588,28102,39186,30153,12029,38220,6004,0
80000,female,undergraduate,single,36,82177,89893,80774,80082,78545,76742,10096,0,3800,3125,2783,3000,1
130000,female,gradaute,single,27,91467,68747,66372,64854,66432,46919,3247,3372,2354,2432,2919,1926,0
50000,male,undergraduate,single,28,45622,47061,48264,27806,24901,25441,2500,2500,2000,2000,941,3113,1
220000,female,undergraduate,married,25,142714,270596,52682,23243,18101,27036,7200,3200,1200,1000,25000,2000,0
20000,male,undergraduate,single,47,8557,8271,11127,10657,11178,11840,0,3000,0,1000,1000,1900,1
70000,female,undergraduate,married,28,29836,30856,30658,31850,31207,32037,1800,600,2000,0,1500,1500,1
260000,female,gradaute,married,48,8339,8333,0,0,0,0,5000,0,0,0,0,0,0
360000,male,gradaute,single,30,10821,5559,3272,13756,12852,20893,5586,3364,13132,10034,16104,14348,0
20000,female,undergraduate,married,22,15749,16221,19836,14354,10962,9274,1500,5000,500,500,246,500,0
80000,male,undergraduate,married,52,75113,76860,77456,21118,22260,23396,3500,2202,1500,1500,1500,1500,0
230000,male,gradaute,married,37,30769,30792,30140,31067,31091,28223,1500,1600,1500,1000,1000,1200,0
50000,female,gradaute,single,26,3655,-1,-1,-1,-1,349,0,0,0,0,350,351,0
20000,male,diploma,single,23,17010,-820,19970,19580,20180,20000,0,21490,600,600,600,0,0
70000,female,gradaute,single,27,69972,69528,67622,68922,1223,70027,5000,1900,2000,1223,70027,2600,0
70000,male,undergraduate,single,31,5942,8176,8891,9522,9084,8792,2500,1000,923,0,0,400,0
230000,female,undergraduate,single,31,4908,0,0,51750,51295,53257,0,0,52066,2000,3000,3000,0
300000,female,gradaute,married,34,74917,70878,68463,52987,46867,16335,3028,4560,78,3171,5015,5047,1
30000,male,undergraduate,single,36,20424,19809,22478,24111,23447,24951,0,3000,2300,0,2500,0,0
40000,male,gradaute,single,28,1892,1889,1716,41710,42219,39774,1889,1716,41710,2800,0,1500,1
50000,male,gradaute,single,26,29021,28408,29117,28764,28390,29443,1768,1477,1444,1100,1500,1100,0
210000,female,undergraduate,single,43,3577,1003,0,0,0,0,1003,0,0,0,0,150,0
120000,female,undergraduate,single,29,103944,97248,99283,101935,102754,105924,0,4500,5200,4000,5000,7200,0
100000,female,diploma,married,46,80402,86137,84998,85627,78245,79929,8000,1100,3000,3000,3100,3100,0
310000,female,gradaute,married,43,112343,25349,21033,19033,9588,5222,3023,21033,1000,192,104,87268,0
90000,female,undergraduate,married,37,2330,1073,2323,1073,1073,9699,0,2323,0,1073,9699,10289,0
240000,female,gradaute,single,28,0,0,1522,2141,590,176,0,1522,2141,590,176,1720,0
200000,female,undergraduate,married,48,1002,0,490,902,0,0,0,490,902,0,0,0,0
230000,female,undergraduate,single,32,17957,18063,20755,23278,24083,25145,3000,3000,3000,4000,4000,3000,0
30000,female,gradaute,married,23,26669,28080,28836,28812,29400,30000,1844,1600,576,588,600,0,1
30000,female,undergraduate,married,24,22280,23671,24233,22893,3332,3400,1748,1310,490,67,68,0,0
300000,female,gradaute,single,34,19357,5000,3744,8059,3425,11860,5032,3744,8059,3425,11860,7595,0
30000,female,undergraduate,married,28,21588,20942,23691,23012,26105,30500,0,3100,0,3500,5000,1000,1
420000,male,gradaute,single,29,16127,12074,85269,86388,87153,88957,1322,90499,3122,2915,3000,3150,0
50000,male,diploma,married,47,12975,13982,15315,16019,16336,16678,1230,1563,1267,584,605,609,0
100000,male,undergraduate,single,45,65781,60114,59478,54336,50640,49113,0,4817,6,1700,3650,0,1
50000,female,undergraduate,single,40,50531,50446,48763,35038,27839,27872,2504,1815,2389,3003,2800,2504,1
50000,female,undergraduate,married,32,24402,26872,28430,29160,31187,30537,8442,2000,1200,2500,0,1200,0
140000,female,gradaute,single,28,31,1272,1446,2880,1914,968,2000,1500,3000,1914,0,3287,1
60000,male,undergraduate,single,26,61103,61380,62158,120142,60428,58192,3000,2746,0,2297,1875,1158,1
410000,male,gradaute,single,32,380,190,190,380,190,1539,0,190,380,0,1539,0,0
140000,male,diploma,married,41,2139,0,1686,1686,205,6689,0,1686,0,205,6689,0,0
150000,female,gradaute,single,27,346,21191,1339,0,0,8777,21379,1339,0,0,8777,9495,0
210000,female,undergraduate,married,29,145499,107712,-564,4270,143607,144505,4751,0,6000,143754,5000,5314,0
20000,male,diploma,married,39,16946,14960,12772,12630,12524,11179,1529,1161,409,444,405,163,0
500000,female,gradaute,married,53,1200,0,3609,4053,0,4487,0,3609,4053,0,4487,638,0
280000,female,undergraduate,single,35,184050,171714,154940,136894,138467,128473,7088,6107,5000,5057,5005,50012,0
50000,male,gradaute,married,41,508,672,226,390,220,320,1000,390,1000,220,640,1000,0
50000,female,undergraduate,single,27,162865,167086,169217,18056,18179,18563,5000,3703,1000,660,686,638,0
50000,female,undergraduate,single,22,44980,41140,31888,28639,26737,24784,7,1580,1621,1020,2473,1079,1
140000,female,undergraduate,single,36,134783,142708,143475,136331,135778,135910,12800,5000,0,5100,5000,5000,0
50000,male,undergraduate,married,33,390,390,0,780,0,0,390,0,780,0,0,0,0
50000,male,undergraduate,single,30,0,676,-104,9732,9927,9339,676,0,10500,337,333,407,0
170000,female,undergraduate,married,33,172382,173101,171158,121399,118539,121276,6558,6316,3828,3569,3959,3997,0
20000,male,diploma,married,51,14341,15371,16375,18905,19462,18967,1266,1270,2800,1000,0,512,1
80000,female,diploma,single,38,77929,77711,74525,61360,49359,48253,3006,2747,2344,1756,1758,1717,0
260000,male,gradaute,single,39,248880,248758,245404,169632,165098,151157,10611,9708,5929,5622,5465,5474,0
80000,female,other,single,25,72732,74120,74071,41008,32152,32748,3201,4016,2109,1151,1685,1342,0
30000,male,diploma,single,59,13486,12984,13991,14114,14406,14692,0,1528,651,668,674,683,1
50000,male,gradaute,single,31,4560,7302,9011,11540,14180,15307,3000,2000,3000,3000,2000,5000,0
240000,female,undergraduate,single,27,4400,0,1129,1129,1971,2059,0,1129,0,1000,496,1000,1
160000,male,undergraduate,single,37,99793,101325,98706,90457,90588,92533,4300,0,4200,3238,3400,3550,1
130000,male,gradaute,single,37,91390,88381,89091,91212,29441,29683,5000,3424,4193,1042,1100,1080,0
100000,female,gradaute,single,42,60380,58567,79527,18950,19667,18531,2200,22004,656,1000,396,300,0
10000,male,undergraduate,single,32,9299,9576,9028,9644,9790,9990,1132,1384,1000,196,200,0,0
320000,female,gradaute,married,38,0,0,0,0,0,0,0,0,0,0,0,0,1
20000,male,undergraduate,single,33,16128,17441,18589,18607,19892,24338,2000,2000,2001,2001,100,4737,0
290000,female,diploma,married,29,161623,166345,167924,170227,164584,161912,11200,6000,6000,6000,6700,5000,0
100000,female,diploma,married,45,1480,916,1238,916,1444,1450,916,1238,916,1444,1450,1143,0
50000,male,diploma,single,32,49760,51105,48516,19078,19220,19514,2189,1600,1600,700,700,857,1
80000,female,gradaute,single,31,68613,69744,70313,71636,52471,53316,2600,3000,3000,2000,2000,2454,0
10000,male,diploma,single,28,6302,6390,0,1170,9956,9992,1000,1600,1170,9956,282,91,1
120000,female,gradaute,married,42,112237,114467,116900,119228,121805,115463,4097,4278,4308,11540,5685,4390,0
290000,female,undergraduate,married,32,169108,170419,142264,101952,103174,105464,7118,5800,3792,4010,4276,3655,0
200000,female,undergraduate,married,31,3850,2025,1926,3263,1580,16874,6,1931,3267,7,17894,2508,0
170000,female,undergraduate,single,24,1166,4144,3889,4889,4139,430,3000,0,1000,0,1000,17342,1
230000,male,gradaute,single,39,260,834,-150,517,53,603,1000,0,667,0,700,10200,0
400000,female,gradaute,married,32,0,3328,3328,3828,4893,4687,6656,3328,3828,4893,4687,3008,0
60000,female,undergraduate,married,42,58264,57923,58987,17350,17937,17298,3200,3000,800,1000,1000,1000,0
270000,female,diploma,married,37,265044,60052,68660,77184,85591,101945,73000,10000,10000,10000,20000,25000,0
280000,female,gradaute,married,56,89739,73565,77944,81926,79277,78723,4000,6000,6000,7000,5000,5000,0
280000,female,undergraduate,married,56,208775,182350,132257,101783,177145,169311,8042,6700,5137,100000,7000,6321,0
150000,female,undergraduate,single,26,10693,13188,19902,23068,26184,25615,3000,7000,3500,3500,0,3500,1
150000,male,gradaute,married,31,159734,160247,131511,129369,123191,132072,4800,4006,3669,0,11781,0,1
20000,female,undergraduate,single,23,4561,6474,8353,13192,14871,11536,2000,2000,5000,2000,1000,2000,0
260000,female,undergraduate,single,35,-7,-7,2493,2290,432,0,0,2507,2297,432,0,649,0
30000,male,undergraduate,single,24,25851,26912,27535,29175,28625,30383,1779,1402,2042,0,2192,0,1
380000,male,gradaute,married,37,83852,88996,77202,70542,65765,58355,13014,5068,2100,1947,2000,1600,0
150000,female,undergraduate,married,49,0,1870,669,0,13453,5773,1870,669,0,13453,5773,100,0
30000,female,gradaute,married,28,30497,30665,30945,31070,30969,30620,1800,1900,1776,1500,1100,2504,0
390000,male,gradaute,married,33,17794,23518,28139,32711,36215,40650,6000,5000,5000,4000,5000,8883,0
400000,female,gradaute,single,30,2912,2668,3222,21755,15258,16002,2668,3222,21755,500,1000,475,0
50000,male,undergraduate,single,28,48591,48896,48587,37211,28248,28430,2300,2000,1432,988,1600,1600,0
140000,male,gradaute,single,43,138859,141393,135784,136258,137747,138593,5100,4779,6000,6000,6000,5200,1
260000,female,gradaute,married,42,387,616,450,773,268,402,616,450,773,268,402,334,0
50000,female,undergraduate,single,56,47060,48481,49505,17612,19461,18660,2180,2204,656,2159,678,851,0
60000,female,undergraduate,married,36,1577,2498,3309,3606,3400,3844,1100,1000,500,0,500,0,0
50000,female,gradaute,single,24,48482,39603,23610,18079,18668,17273,2000,1504,1000,1000,1000,1000,0
20000,male,undergraduate,married,51,16849,18686,18877,19252,19415,19954,2116,800,682,701,858,394,0
350000,female,undergraduate,single,32,10362,42541,10723,1310,7796,5225,42541,10723,1310,7796,0,0,0
200000,male,gradaute,married,38,3528,1190,1958,-5,1013,2350,1196,1968,200,1018,2361,2500,0
480000,female,undergraduate,married,38,4658,10545,13258,51723,40511,37226,6000,3066,51800,5030,3039,3112,0
260000,female,other,married,28,237212,228643,231156,223415,158739,159210,8006,7550,8080,4645,5047,4528,0
90000,female,undergraduate,married,37,2522,0,1261,1261,1261,1261,0,1261,1261,1261,1261,390,0
90000,female,undergraduate,married,35,72112,73854,75526,77317,85852,88290,3500,3500,3652,10000,4000,0,0
70000,female,undergraduate,single,22,9232,68209,66087,50716,48862,49850,68209,2081,2000,2000,1828,1518,0
200000,female,undergraduate,single,22,205736,199379,132963,145115,153040,155636,7758,5001,15000,10800,5600,0,1
40000,female,undergraduate,married,32,24114,25417,28777,29107,29693,30456,2000,4110,1100,1200,1400,0,0
30000,female,other,married,45,26958,26716,26679,22972,20152,11688,4000,5022,1232,820,286,237,0
360000,male,gradaute,married,37,25078,20970,14407,6820,10099,7806,21006,14430,6820,10099,7806,7862,0
20000,male,diploma,married,48,10805,15270,14740,18188,17630,16780,5000,0,4000,0,0,0,1
70000,female,gradaute,single,23,7668,8878,10077,11203,11320,11487,1500,1500,1600,600,500,600,1
120000,male,diploma,single,37,117681,119513,120990,121795,113328,120615,5200,5000,4200,0,9200,0,1
50000,female,undergraduate,married,31,13641,15409,16052,15993,15780,15549,2000,1223,1000,1000,1000,1000,0
130000,female,gradaute,single,33,1022,0,0,0,0,0,0,0,0,0,0,0,1
360000,female,gradaute,married,31,-5,-5,-5,4232,3189,7511,0,0,4237,16,7548,4105,0
50000,male,gradaute,married,29,48310,49690,40697,16751,17093,13191,2300,1400,335,342,4000,200,1
50000,male,undergraduate,single,27,43063,41932,38411,30659,30963,30505,0,1600,1712,1016,2500,0,1
240000,female,undergraduate,married,46,8751,9900,10605,10765,11765,4311,1295,1000,1000,1000,1000,1000,0
300000,female,gradaute,married,41,66132,6917,3050,1760,0,0,6983,3331,1760,0,0,891,0
450000,male,diploma,married,58,8940,6239,5535,9856,819,863,6271,5740,9905,823,867,2488,0
210000,female,gradaute,single,29,3675,4460,5542,15378,18106,18804,1082,1164,10000,3000,1000,1000,0
80000,female,undergraduate,married,32,77808,77180,79147,81159,69573,70306,3000,4000,4000,5000,8000,2800,0
430000,female,gradaute,married,33,1837,373,1198,0,538,77543,373,1198,0,538,77543,584,0
220000,female,undergraduate,single,30,596,892,7681,11642,23030,22449,892,7681,20000,20000,0,0,0
10000,female,gradaute,single,24,5707,6728,7865,7105,8298,8020,1123,1260,1500,1470,0,1500,0
400000,female,gradaute,single,31,7912,4220,3364,2832,34967,38706,4220,3364,2500,34967,10000,22600,0
190000,female,gradaute,single,41,28204,0,16500,0,26854,554,0,16500,0,26854,500,0,1
170000,female,undergraduate,married,42,52262,36518,20533,-919,-919,-919,1985,1000,16000,16000,16000,24288,0
30000,female,diploma,married,43,10330,10040,10903,10533,10132,10343,0,1149,101,348,359,364,0
300000,female,undergraduate,single,48,6301,0,2417,470,4690,0,4126,2417,470,4690,0,18774,0
120000,male,gradaute,single,33,291,291,291,291,291,291,291,291,291,291,291,291,0
240000,female,gradaute,single,27,176829,174143,165755,166291,141380,130742,7058,6800,4050,6084,8028,4267,0
210000,male,undergraduate,married,36,1060,777,7971,-8,-8,-8,779,7994,0,0,0,1704,0
220000,male,gradaute,married,55,1782,0,0,80737,5381,2232,0,0,80737,5381,2232,121953,0
150000,male,diploma,married,35,135215,137863,130622,126063,118836,116865,6000,30,5050,5025,5000,3000,1
200000,male,undergraduate,married,32,74150,66378,60722,53769,45928,38238,3000,5000,3000,2000,2000,3000,0
50000,male,gradaute,single,28,48508,45951,44013,28094,29138,30625,2500,2000,1200,1500,2000,1500,1
50000,female,undergraduate,married,48,5994,1478,2946,1473,1473,1473,1478,4419,0,1473,1473,1473,0
90000,female,diploma,single,23,94806,119836,21836,11036,29836,986,30000,30000,11036,19836,986,21615,0
240000,male,gradaute,single,29,61888,12310,12073,9643,-8074,108493,5022,4014,113,6423,120000,15000,0
150000,female,diploma,married,45,47372,42652,42306,41579,40669,39301,2000,2100,1837,1400,1486,1572,0
320000,male,gradaute,single,33,0,0,0,0,0,0,0,0,0,0,0,0,1
170000,female,gradaute,married,35,131909,133178,131711,139143,140987,144187,4800,2000,11000,5500,5500,5400,1
210000,female,undergraduate,single,30,184705,188235,193694,178664,149612,151226,7000,9057,6507,9808,6000,5500,0
140000,male,undergraduate,single,27,34229,35262,38079,37167,41146,40332,1583,3400,0,4600,0,2000,0
160000,female,undergraduate,married,35,96515,139439,141416,112497,119511,119763,50439,6000,5000,9000,4000,4000,0
180000,female,diploma,married,39,0,0,0,300,300,150,0,0,300,0,0,645,0
100000,male,undergraduate,single,28,180765,64653,10388,3762,1434,12609,3018,1400,3786,1774,12714,38665,0
500000,female,gradaute,married,43,270,9390,0,14153,5254,11676,9483,0,14153,5274,11676,2276,0
380000,male,gradaute,single,27,2501,1138,966,1258,1121,1362,0,966,1500,1121,1362,1472,0
50000,female,diploma,married,53,40926,43236,45250,46003,44193,44838,3000,3000,1800,0,1500,2300,1
110000,female,undergraduate,single,32,108087,103307,103749,78961,76180,76353,0,5100,3411,3003,3000,3001,0
180000,female,gradaute,single,28,3775,5570,4722,8643,7783,12398,2005,31,5000,1000,5000,5000,0
710000,male,undergraduate,single,33,8471,16849,940,6299,4720,3738,17330,944,7586,4739,3754,25259,0
70000,female,gradaute,single,30,6749,64626,47161,27534,26660,27022,64626,3000,0,946,1424,1000,0
50000,male,undergraduate,married,46,48885,48793,34440,30889,30182,29912,2000,2500,2000,1500,5000,1500,0
460000,female,gradaute,married,40,2650,2650,2650,2650,2650,2650,0,0,0,0,0,200,1
50000,female,undergraduate,single,24,50062,34819,48909,15033,3198,0,2000,15412,870,3198,0,0,0
450000,female,gradaute,married,46,28205,3760,4148,2312,6909,4189,3793,4148,2312,6909,4189,1539,1
320000,female,gradaute,single,33,-347,-347,-347,-347,-347,13694,0,0,0,0,14041,1613,0
260000,female,gradaute,married,37,174971,161671,156296,156248,120518,122649,10000,8000,5028,5000,5000,10000,0
20000,male,undergraduate,single,23,18963,19904,18038,19032,17372,17893,1300,1400,1300,700,800,1000,1
200000,female,other,single,27,777,14893,5635,7518,13226,13845,15103,5652,7529,13226,4906,4666,0
80000,female,undergraduate,single,23,38587,27558,23470,21539,14578,11766,5000,5000,10006,14614,11766,18000,0
80000,female,undergraduate,single,42,16959,17910,14919,15375,-150,-150,1235,1369,825,0,0,0,0
70000,female,diploma,married,45,69877,68751,69744,50190,49603,49469,2600,2215,2000,1800,2000,2000,0
50000,male,undergraduate,single,29,49276,35100,32563,27823,29130,28309,1602,1400,3000,3130,1062,6318,0
40000,female,undergraduate,married,32,40368,38623,67203,39764,39583,39839,1603,2000,2014,2503,2103,2221,0
30000,female,diploma,married,25,26277,25896,27460,27735,27711,28643,2000,2000,2000,2000,1500,1500,0
510000,female,gradaute,single,35,2115,2116,5560,4535,3488,1116,1117,4560,91,69,1116,2115,0
50000,male,undergraduate,single,48,12961,12029,11738,11011,9888,10076,507,1158,373,365,359,1111,1
110000,male,undergraduate,married,35,48131,73221,74341,50184,51412,49448,32123,3000,1800,2041,2069,3000,1
220000,female,gradaute,married,41,30038,22411,7141,3070,2609,10273,1089,7161,4072,2613,10322,511,0
310000,female,gradaute,single,27,833,323,1083,2134,2474,2097,323,1093,2140,9201,2103,6571,0
300000,female,diploma,single,36,0,3958,0,0,6536,1400,1979,0,0,6536,1400,50000,0
390000,female,gradaute,single,32,16566,20213,15204,13529,14139,14496,9076,8000,1500,1500,519,7000,0
180000,female,other,single,30,0,0,0,0,0,0,0,0,0,0,0,0,0
300000,male,undergraduate,married,51,198235,193548,198422,204116,214691,218101,0,8000,9000,15500,7000,10000,0
50000,male,undergraduate,married,56,48895,49455,49245,48657,20050,17376,1775,2070,1232,625,585,560,0
200000,male,gradaute,married,40,820,820,820,820,590,2099,820,820,820,590,2099,820,0
20000,male,undergraduate,single,27,7326,7060,8240,9582,9279,9971,0,1296,1638,0,844,0,1
30000,female,undergraduate,single,51,22473,25293,24602,27964,27232,29800,3200,1,3801,0,3001,0,0
50000,female,diploma,single,44,40985,42115,41164,43658,44644,43798,2100,0,3500,2000,0,2000,1
200000,female,undergraduate,single,27,1126,390,390,390,540,770,390,390,390,540,770,13993,0
130000,female,undergraduate,married,27,792,0,396,485,46773,47313,0,396,485,46684,1700,1712,0
180000,female,gradaute,single,30,1650,196,2500,0,0,3650,196,2500,0,0,3650,3859,0
50000,female,undergraduate,married,31,22716,19198,19462,14841,11088,10301,2000,1510,4000,1000,600,500,0
180000,male,undergraduate,married,34,1341,4185,291,570,2260,1583,4185,291,570,2260,1583,3974,0
300000,female,other,married,31,0,0,0,0,0,0,0,0,0,0,0,0,0
130000,female,gradaute,single,30,112822,115526,123658,120259,121205,124778,4527,10122,1,4355,8918,0,1
240000,female,undergraduate,married,37,-150,-150,-150,-150,-150,-150,0,0,0,0,0,0,1
200000,female,undergraduate,married,46,2893,2881,1436,1261,2849,1438,1436,0,1261,2849,0,1261,1
50000,male,undergraduate,single,21,21023,27270,11342,8305,7288,0,3000,1000,0,0,0,0,0
90000,female,undergraduate,single,24,87711,80699,68100,33434,0,0,3248,2991,2655,0,0,0,0
290000,female,undergraduate,single,28,133789,137875,124871,118193,121283,124109,6300,6000,5000,5000,5000,5000,0
190000,female,undergraduate,married,34,500,300,0,0,418,964,300,0,0,418,964,670,0
220000,male,undergraduate,married,38,147048,137560,131090,121259,117003,116902,6364,5892,5000,4369,4178,5000,0
230000,male,gradaute,married,37,3102,30428,5711,5770,7652,17825,30580,5739,5799,7690,17914,360,0
230000,female,gradaute,single,29,63184,64667,65888,66645,67865,69231,3100,3000,2300,2300,2500,2300,0
300000,female,undergraduate,married,34,86116,83724,80721,79939,58586,14570,3894,2783,3575,1605,1520,0,0
190000,female,undergraduate,single,44,137394,140899,144636,148173,151853,155031,5774,5987,5948,6000,5481,5500,0
20000,female,undergraduate,single,24,6270,8284,8000,0,186,3314,2284,0,0,186,3314,3515,1
140000,female,undergraduate,married,27,776,752,776,1580,804,728,752,800,1580,0,700,700,0
200000,female,diploma,married,42,858,1406,3673,0,150,609,1406,3673,0,150,609,939,0
50000,male,undergraduate,single,30,13745,-4338,46881,47832,46783,47890,125,52000,2000,0,2000,3700,0
20000,male,undergraduate,married,48,18401,19784,20650,0,0,0,2000,1650,0,0,0,0,0
20000,male,undergraduate,single,23,17821,19099,0,1728,1953,1780,2000,0,1728,225,0,0,0
30000,female,gradaute,married,30,12109,12917,13909,13394,13036,15019,1300,1500,0,0,2200,0,1
60000,female,undergraduate,married,24,34708,33866,33041,35284,31602,32221,0,0,2900,0,1200,1409,1
200000,male,gradaute,single,26,50124,51122,52533,52772,53441,22246,1830,2235,1447,1069,445,9332,0
360000,male,gradaute,single,29,12018,31282,28823,51120,2222,-34,32038,28982,51379,2233,0,0,0
160000,female,diploma,married,39,102358,103698,1048,1048,1048,1221,4671,1048,1048,1048,1221,1048,0
60000,female,undergraduate,married,60,69183,68216,66616,65016,63449,62149,0,0,0,0,0,0,0
50000,female,undergraduate,single,25,26509,27521,30001,29187,31064,30487,1757,3237,0,2300,0,1100,0
150000,female,gradaute,single,40,145074,152179,149313,129768,136084,30312,11000,6000,40000,42000,34880,201277,0
30000,female,undergraduate,single,31,27254,26531,27857,29685,31260,30468,0,1772,2600,2200,0,0,1
210000,male,undergraduate,single,26,186109,168198,97223,202134,102844,39995,5929,3272,4362,5040,3195,105,0
50000,female,undergraduate,single,27,42391,44689,48172,46937,48570,50144,3000,4200,0,3000,3800,0,0
50000,male,gradaute,single,22,47726,51161,48310,50332,47492,50782,5500,0,3000,3000,5000,0,1
250000,female,undergraduate,single,40,2348,329,-1404,3596,8596,8941,329,5000,5000,5000,4000,3000,0
80000,female,diploma,single,43,76594,78254,78401,49496,50562,45682,3100,3100,1669,1759,1700,3001,0
60000,male,gradaute,single,29,816,2440,1444,1634,1335,1825,2440,0,1000,1335,888,150,0
50000,female,diploma,married,44,46989,51036,48353,47264,29325,31100,5177,22,2154,1200,3450,0,0
150000,female,gradaute,single,26,1551,2961,4175,1707,4492,6149,2990,4175,1707,4492,6149,34672,1
130000,female,undergraduate,married,30,1650,1650,1650,1650,1650,1650,1650,1650,1650,1650,1650,1650,1
160000,female,undergraduate,married,28,54232,55456,56625,57757,59424,60631,2100,2100,2500,3000,2200,2200,0
240000,female,undergraduate,married,43,54,0,0,177,199,559,0,0,177,200,559,0,0
80000,male,undergraduate,single,43,78144,78940,80238,50642,50533,50758,3318,3463,1600,1770,50000,1753,0
200000,male,gradaute,married,32,30144,32649,32425,32625,9687,5526,3000,1000,1000,400,1000,752,0
80000,female,undergraduate,married,36,22657,19940,19870,18155,11119,5203,1320,1540,1005,222,1000,2000,0
300000,female,gradaute,single,25,0,9048,4040,0,1092,1681,9048,4040,0,1092,1681,0,0
80000,female,undergraduate,married,47,78849,27733,28009,28977,28756,28962,1433,1489,1457,1016,1046,1211,0
200000,female,undergraduate,single,26,3374,4053,2337,1904,548,1403,4053,0,1904,0,1403,0,1
180000,female,diploma,married,56,440,440,440,440,440,440,440,440,440,440,440,440,1
200000,male,gradaute,married,46,53643,54300,55039,55712,56421,57203,1765,1828,1811,1816,1880,4123,0
200000,female,gradaute,single,24,675,1053,0,500,2057,23322,1053,0,500,2057,23322,4299,0
280000,female,undergraduate,married,50,106341,108711,111510,108253,109065,111447,5600,6000,0,4100,4300,4300,1
20000,female,gradaute,single,22,12404,13694,14768,15518,16265,16706,1500,1300,1000,1000,711,1000,0
210000,male,gradaute,single,41,326,326,326,326,326,326,326,326,326,326,326,326,1
50000,female,diploma,other,49,49402,50361,48762,49671,22895,19501,1800,2110,2010,1600,0,750,0
280000,female,gradaute,single,35,6302,4618,183,2568,2371,7610,4663,0,4953,12,7647,1676,0
60000,female,undergraduate,single,26,58452,52445,52974,54589,59518,60491,2500,2000,2500,6000,2100,0,0
220000,female,gradaute,married,31,3785,1137,377,5763,3952,412,1142,377,5763,3952,412,1294,0
360000,female,gradaute,married,32,39587,17900,5307,23102,64617,10542,18011,5307,23102,64617,10542,9702,0
130000,female,gradaute,married,38,5190,649,0,0,0,0,649,0,0,0,0,0,1
50000,male,undergraduate,single,51,15096,16541,18356,18181,18285,10220,2000,2400,420,600,600,500,1
340000,male,undergraduate,married,31,63098,64417,65752,69639,80057,83713,2338,2406,5000,11610,5000,2971,1
100000,female,diploma,married,40,13278,12773,16179,17597,18499,20531,0,3950,2000,1500,2500,4800,1
140000,male,gradaute,married,55,0,0,0,0,0,0,0,0,0,0,0,0,1
50000,male,undergraduate,single,26,47974,48527,49381,9999,8793,9138,2500,2000,324,1000,1000,500,0
300000,female,gradaute,married,51,143121,147527,148925,0,0,0,8269,6825,0,0,0,0,0
230000,male,gradaute,married,42,222059,161817,160270,60604,60986,62195,7300,4160,2308,2300,2223,2304,1
10000,female,diploma,single,36,3671,4945,6157,7172,8048,8318,1500,1300,1124,1000,400,500,0
50000,female,undergraduate,single,28,48370,39618,27417,25542,26160,26686,1468,1400,900,1000,1000,600,0
200000,female,diploma,single,34,11073,9787,5535,2513,1828,3731,2306,12,50,300,3738,66,0
120000,female,gradaute,single,24,75796,76004,67187,49924,33188,19826,3700,2023,2016,2000,1200,1000,0
300000,female,diploma,single,40,390,390,390,390,390,390,390,390,390,390,390,390,0
20000,male,undergraduate,single,25,16508,19638,19030,22033,21109,20474,3400,0,3633,0,0,0,0
20000,male,diploma,single,26,150,150,150,150,150,1150,0,0,0,0,1150,0,1
480000,male,undergraduate,married,53,-11,11349,13461,9327,1368,1538,11360,13469,9327,1368,1538,15605,0
170000,female,undergraduate,single,27,19269,20313,20852,17560,17918,9100,1661,1200,351,358,182,0,1
310000,male,gradaute,married,39,16577,1361,2716,824,757,842,1361,3146,824,757,842,13436,0
260000,female,gradaute,single,31,180891,165412,108223,108860,80757,79073,8250,5500,5000,3500,3000,4000,0
50000,male,undergraduate,single,36,5916,6172,4123,680,978,978,1212,1200,0,978,0,0,0
100000,female,diploma,married,36,92675,92857,80748,80708,75366,76590,3445,709,6077,2805,2906,0,0
130000,male,undergraduate,single,33,1183,2183,2000,700,0,0,2000,13,700,0,0,0,0
20000,male,undergraduate,married,32,14662,10305,11127,12928,13721,14492,1500,1300,2000,1000,1000,1000,0
250000,female,undergraduate,married,35,242971,244628,243223,245031,247911,247353,8310,7938,8101,8430,8808,7820,0
20000,male,undergraduate,single,22,16439,17140,18269,38082,19923,6825,1279,1408,1180,1000,500,500,0
140000,female,undergraduate,married,50,136183,139121,140047,141215,142019,137251,6901,4800,5006,5507,5,5308,0
450000,male,undergraduate,married,29,179547,157945,118192,82644,17720,7068,8101,12029,35524,38,2015,7522,0
30000,female,diploma,married,50,29468,29688,28919,28000,13393,10539,1000,159,28426,24682,12,0,1
80000,female,diploma,married,45,35401,36399,37689,38580,39104,39484,1587,1877,1768,1292,900,1365,0
20000,male,diploma,married,23,3675,19316,19844,19844,20388,19554,19316,1261,651,803,747,155,1
20000,male,gradaute,single,31,1261,390,390,390,0,780,390,390,390,0,780,0,0
400000,female,undergraduate,single,29,52875,55544,994,5030,4568,500,55544,994,5030,0,500,150,0
